시도본부,119안전센터명,주소,latitude,longitude
서울특별시,개포119안전센터,서울특별시 강남구 논현로 10길 19 (개포동),37.4747377,127.0498484
서울특별시,삼성119안전센터,서울특별시 강남구 테헤란로 629 (삼성동),37.5103818,127.066797
서울특별시,세곡119안전센터,서울특별시 강남구 밤고개로 268 (율현동),37.4704135,127.1072494
서울특별시,수서119안전센터,서울특별시 강남구 광평로31길 6 (수서동),37.48493819999999,127.0928555
서울특별시,역삼119안전센터,서울특별시 강남구 역삼로 236 (역삼동),37.4971229,127.0424563
서울특별시,영동119안전센터,서울특별시 강남구 도산대로 320 (논현동),37.5221051,127.0369545
서울특별시,강일119안전센터,서울특별시 강동구 고덕로98길 22 (강일동),37.557346,127.1790705
서울특별시,고덕119안전센터,서울특별시 강동구 양재대로156길 133 (고덕동),37.55715530000001,127.1518946
서울특별시,길동119안전센터,서울특별시 강동구 천중로 215 (길동),37.541033,127.1443608
서울특별시,성내119안전센터,서울특별시 강동구 성내로 39 (성내동),37.529455,127.1250754
서울특별시,암사119안전센터,서울특별시 강동구 올림픽로 815 (암사동),37.5539838,127.1286224
서울특별시,천호119안전센터,서울특별시 강동구 진황도로 37 (천호동),37.5386211,127.1313658
서울특별시,미아119안전센터,서울특별시 강북구 도봉로 125 (미아동),37.6200343,127.0283463
서울특별시,번동119안전센터,서울특별시 강북구 한천로 911 (번동),37.6334146,127.0375183
서울특별시,삼각산119안전센터,서울특별시 강북구 솔샘로 208 (미아동),37.6199141,127.0155582
서울특별시,우이119안전센터,서울특별시 강북구 삼각산로 111 (수유동),37.6408431,127.0163362
서울특별시,개화119안전센터,서울특별시 강서구 개화동로19길 8 (개화동),37.574965,126.8031186
서울특별시,등촌119안전센터,서울특별시 강서구 양천로 550 (등촌동),37.5575223,126.8559611
서울특별시,마곡119안전센터,서울특별시 강서구 마곡서로 9 (마곡동),37.5559232,126.8206946
서울특별시,발산119안전센터,서울특별시 강서구 강서로 329 (내발산동),37.5524944,126.8333061
서울특별시,방화119안전센터,서울특별시 강서구 금낭화로26길 10 (방화동),37.5798136,126.8141769
서울특별시,화곡119안전센터,서울특별시 강서구 까치산로 49 (화곡동),37.5436608,126.845223
서울특별시,관악119안전센터,서울특별시 관악구 관악로 97 (봉천동),37.4738337,126.9525326
서울특별시,난곡119안전센터,서울특별시 관악구 난곡로 243 (신림동),37.475682,126.9160483
서울특별시,봉천119안전센터,서울특별시 관악구 은천로 54 (봉천동),37.4859271,126.9411898
서울특별시,신림119안전센터,서울특별시 관악구 봉천로 202 (신림동),37.489594,126.9239895
서울특별시,구의119안전센터,서울특별시 광진구 광나루로 480 (구의동),37.5448313,127.0828431
서울특별시,능동119안전센터,서울특별시 광진구 능동로 242 (능동),37.553309,127.0836917
서울특별시,중곡119안전센터,서울특별시 광진구 용마산로 150 (중곡동),37.56696780000001,127.0866789
서울특별시,고일119안전센터,서울특별시 구로구 경인로 408 (고척동),37.5031884,126.858851
서울특별시,고척119안전센터,서울특별시 구로구 고척로 195 (고척동),37.504954,126.8548069
서울특별시,공단119안전센터,서울특별시 구로구 디지털로34길 56 (구로동),37.484219,126.8984929
서울특별시,구로119안전센터,서울특별시 구로구 구로동로 175 (구로동),37.4942254,126.8825643
서울특별시,수궁119안전센터,서울특별시 구로구 오리로 1285 (궁동),37.5004389,126.8285296
서울특별시,신도림119안전센터,서울특별시 구로구 경인로59길 57 (신도림동),37.5073254,126.881254
서울특별시,금천119안전센터,서울특별시 금천구 시흥대로 342(독산동),37.4642871,126.8980264
서울특별시,시흥119안전센터,서울특별시 금천구 시흥대로 45길 31(시흥동),37.4485372,126.9004896
서울특별시,공릉119안전센터,서울특별시 노원구 화랑로 482 (공릉동),37.619055,127.080753
서울특별시,상계119안전센터,서울특별시 노원구 노원로26길 111 (상계동),37.6550652,127.0715805
서울특별시,수락119안전센터,서울특별시 노원구 동일로 1694 (상계동),37.6797014,127.0558142
서울특별시,월계119안전센터,서울특별시 노원구 월계로 323 (월계동),37.6288054,127.056364
서울특별시,하계119안전센터,서울특별시 노원구 한글비석로 1길 8 (하계동),37.6382518,127.0710726
서울특별시,도봉119안전센터,서울특별시 도봉구 노해로 152 (도봉동),37.6482157,127.0268285
서울특별시,방학119안전센터,서울특별시 도봉구 도봉로 666 (방학동),37.6632683,127.0330156
서울특별시,쌍문119안전센터,서울특별시 도봉구 노해로 152 (쌍문동),37.6482157,127.0268285
서울특별시,창동119안전센터,서울특별시 도봉구 해등로 25 (창동),37.6467378,127.0437287
서울특별시,용두119안전센터,서울특별시 동대문구 왕산로 76 (용두동),37.5757257,127.034286
서울특별시,장안119안전센터,서울특별시 동대문구 장한로 34 (장안동),37.56402240000001,127.0668375
서울특별시,전농119안전센터,서울특별시 동대문구 황물로 3 (전농동),37.5763627,127.0459863
서울특별시,청량리119안전센터,서울특별시 동대문구 왕산로 299 (청량리동),37.581662,127.0449182
서울특별시,휘경119안전센터,서울특별시 동대문구 망우로 106 (휘경동),37.59068329999999,127.0648906
서울특별시,노량진119안전센터,서울특별시 동작구 노량진로 187 (노량진동),37.513678,126.9469283
서울특별시,동작119안전센터,서울특별시 동작구 여의대방로16길 55 (신대방동),37.5130877,126.9311525
서울특별시,백운119안전센터,서울특별시 동작구 사당로 63 (상도동),37.49481170000001,126.9615849
서울특별시,상도119안전센터,서울특별시 동작구 국사봉1길 17 (상도동),37.4990467,126.9294925
서울특별시,공덕119안전센터,서울특별시 마포구 만리재옛길 82 (공덕동),37.5500525,126.9597879
서울특별시,상암119안전센터,서울특별시 마포구 월드컵로 42길 34 (상암동),37.5799463,126.8812303
서울특별시,서교119안전센터,서울특별시 마포구 양화로 60 (서교동),37.55028720000001,126.9155276
서울특별시,성산119안전센터,서울특별시 마포구 월드컵북로 240 (성산동),37.5589629,126.9149467
서울특별시,신수119안전센터,서울특별시 마포구 창전로 76 (신수동),37.5493546,126.933186
서울특별시,염리119안전센터,서울특별시 마포구 토정로 37길 27 (염리동),37.5417329,126.9455725
서울특별시,북가좌119안전센터,서울특별시 서대문구 증가로 242 (북가좌동),37.5828674,126.9130373
서울특별시,북아현119안전센터,서울특별시 서대문구 북아현로 37 (북아현동),37.5606203,126.9556927
서울특별시,연희119안전센터,서울특별시 서대문구 연희로 182 (연희동),37.5732213,126.9360838
서울특별시,홍은119안전센터,서울특별시 서대문구 홍은중앙로 83 (홍은동),37.5987413,126.9470098
서울특별시,반포119안전센터,서울특별시 서초구 사평대로 67 (반포동),37.4985959,126.9919184
서울특별시,방배119안전센터,서울특별시 서초구 남부순환로 2155 (방배동),37.4755343,126.9882088
서울특별시,서초119안전센터,서울특별시 서초구 효령로 400 (서초동),37.488047,127.0275879
서울특별시,양재119안전센터,서울특별시 서초구 동산로 9 (양재동),37.4695125,127.0408406
서울특별시,우면119안전센터,서울특별시 서초구 남부순환로340길 49 (서초동),37.4793059,127.0211901
서울특별시,잠원119안전센터,서울특별시 서초구 서초중앙로29길 6 (반포동),37.4990839,127.0115475
서울특별시,금호119안전센터,서울특별시 성동구 난계로 19 (금호동1가),37.5540856,127.0243259
서울특별시,성수119안전센터,서울특별시 성동구 뚝섬로 452 (성수동2가),37.5371754,127.0605828
서울특별시,왕십리119안전센터,서울특별시 성동구 고산자로 249 (도선동),37.5620262,127.0354792
서울특별시,행당119안전센터,서울특별시 성동구 살곶이길 331(행당동),37.5540548,127.0396397
서울특별시,길음119안전센터,서울특별시 성북구 정릉로 321 (길음동),37.6028996,127.0190723
서울특별시,돈암119안전센터,서울특별시 성북구 보문로 192 (삼선동4가),37.5900244,127.0131676
서울특별시,장위119안전센터,서울특별시 성북구 한천로 662-8 (장위동),37.6172283,127.0569915
서울특별시,종암119안전센터,서울특별시 성북구 종암로 27길 3 (종암동),37.6024354,127.031799
서울특별시,가락119안전센터,서울특별시 송파구 양재대로 932 (가락동),37.4934824,127.1115038
서울특별시,거여119안전센터,서울특별시 송파구 마천로 329 (마천동),37.4911975,127.1569432
서울특별시,마천119안전센터,서울특별시 송파구 오금로51길 56 (마천동),37.5018414,127.1494222
서울특별시,방이119안전센터,서울특별시 송파구 강동대로 286 (방이동),37.5197363,127.1365546
서울특별시,잠실119안전센터,서울특별시 송파구 석촌호수로 151 (잠실동),37.5073134,127.093842
서울특별시,종합운동장119안전센터,서울특별시 송파구 올림픽로 25 (잠실동),37.5170238,127.0876104
서울특별시,목동119안전센터,서울특별시 양천구 안양천로 1139 (목동),37.5426371,126.8834832
서울특별시,신월119안전센터,서울특별시 양천구 남부순환로 448 (신월동),37.5279366,126.8330758
서울특별시,신정119안전센터,서울특별시 양천구 신월로 268 (신정동),37.5217578,126.8509379
서울특별시,신트리119안전센터,서울특별시 양천구 신정로 238 (신정동),37.5105855,126.8479899
서울특별시,양천119안전센터,서울특별시 양천구 목동서로 180 (목동),37.5302246,126.8722418
서울특별시,당산119안전센터,서울특별시 영등포구 양평로 70-1 (당산동6가),37.5346602,126.9028802
서울특별시,대림119안전센터,서울특별시 영등포구 도림로 212 (신길동),37.497336,126.9041064
서울특별시,신길119안전센터,서울특별시 영등포구 영등포로84길 31 (신길동),37.5104563,126.922194
서울특별시,여의도119안전센터,서울특별시 영등포구 의사당대로 162 (여의도동),37.5172301,126.9278829
서울특별시,영등포119안전센터,서울특별시 영등포구 문래로 197 (영등포동4가),37.5178903,126.9035759
서울특별시,서빙고119안전센터,서울특별시 용산구 서빙고로67길 7 (서빙고동),37.5208199,126.9950348
서울특별시,이촌119안전센터,서울특별시 용산구 이촌로2가길 1 (이촌동),37.5300556,126.953407
서울특별시,이태원119안전센터,서울특별시 용산구 이태원로 196 (이태원동),37.5371839,126.9890733
서울특별시,한강로119안전센터,서울특별시 용산구 한강대로 167 (한강로2가),37.53109389999999,126.9682409
서울특별시,후암119안전센터,서울특별시 용산구 후암로 34 (후암동),37.5489281,126.9778864
서울특별시,녹번119안전센터,서울특별시 은평구 은평로 245 (녹번동),37.601198,126.9350762
서울특별시,수색119안전센터,서울특별시 은평구 수색로 320 (수색동),37.5852122,126.8898598
서울특별시,역촌119안전센터,서울특별시 은평구 갈현로 80 (역촌동),37.6020445,126.9114174
서울특별시,진관119안전센터,서울특별시 은평구 통일로 962 (진관동),37.6287323,126.92009
서울특별시,세종로119안전센터,서울특별시 종로구 율곡로 78(운니동),37.5757032,126.9885802
서울특별시,숭인119안전센터,서울특별시 종로구 숭인동길 63 (숭인동),37.577762,127.0216957
서울특별시,신교119안전센터,서울특별시 종로구 자하문로 93 (신교동),37.5842563,126.9700181
서울특별시,신영119안전센터,서울특별시 종로구 진흥로 477 (신영동),37.605809,126.9609367
서울특별시,연건119안전센터,서울특별시 종로구 대학로 91 (연건동),37.5783468,127.001548
서울특별시,종로119안전센터,서울특별시 종로구 돈화문로 30 (묘동),37.5720785,126.9920972
서울특별시,망우119안전센터,서울특별시 중랑구 용마산로 524 (망우동),37.5910358,127.0946126
서울특별시,면목119안전센터,서울특별시 중랑구 동일로 475 (면목동),37.5728266,127.079877
서울특별시,신내119안전센터,서울특별시 중랑구 신내로 183 (신내동),37.6152055,127.0949931
서울특별시,중화119안전센터,서울특별시 중랑구 동일로 783 (중화동),37.6004525,127.0793225
서울특별시,무학119안전센터,서울특별시 중구 퇴계로 394(무학동),37.5643739,127.0152873
서울특별시,신당119안전센터,서울특별시 중구 다산로8길 2 (신당동),37.552915,127.0096209
서울특별시,을지로119안전센터,서울특별시 중구 을지로45길 43 (신당동),37.5671733,127.0120998
서울특별시,충무로119안전센터,서울특별시 중구 충무로 11 (충무로3가),37.5623854,126.9917454
서울특별시,회현119안전센터,서울특별시 중구 소공로 30 (회현동2가),37.5587615,126.9836839
부산광역시,강동119안전센터,부산광역시 강서구 제도로 696(강동동),35.1747861,128.9160388
부산광역시,녹산119안전센터,부산광역시 강서구 녹산산단361로 9(송정동),35.0896096,128.856755
부산광역시,대저119안전센터,부산광역시 강서구 대저로221번길 25(대저1동),35.2156787,128.976764
부산광역시,신호119안전센터,부산광역시 강서구 신호산단4로 62(신호동),35.085445,128.8795741
부산광역시,지사119안전센터,부산광역시 강서구 과학산단로333번길 3(지사동),35.1486057,128.8331569
부산광역시,남산119안전센터,부산광역시 금정구 두실로 46(남산동),35.2614446,129.086906
부산광역시,부곡119안전센터,부산광역시 금정구 중앙대로 1789(부곡동),35.2439972,129.0926766
부산광역시,산성119안전센터,부산광역시 금정구 산성로 396(금성동),35.2510807,129.0509471
부산광역시,서동119안전센터,부산광역시 동래구 반송로 331(명장동),35.2090258,129.1032931
부산광역시,회동119안전센터,부산광역시 금정구 개좌로 286(회동동),35.2332936,129.1277971
부산광역시,송정119안전센터,부산광역시 해운대구 송정중앙로15번길 16(송정동),35.1838168,129.2030304
부산광역시,일광119안전센터,부산광역시 기장군 일광읍 해빛5로 15,35.26076949999999,129.220977
부산광역시,장안119안전센터,부산광역시 기장군 기장읍 길천3길 11,35.3277941,129.2873357
부산광역시,정관119안전센터,부산광역시 기장군 정관읍 용수로 7(정관읍),35.3247171,129.1799406
부산광역시,감만119안전센터,부산광역시 남구 우암로 81(감만동),35.11773549999999,129.0805308
부산광역시,광안119안전센터,부산광역시 수영구 광일로 64(광안동),35.1631708,129.1072203
부산광역시,대연119안전센터,부산광역시 남구 수영로 279(대연동),35.136224,129.0970449
부산광역시,망미119안전센터,부산광역시 수영구 연수로 330(망미동),35.1717808,129.106478
부산광역시,용당119안전센터,부산광역시 남구 신선로 398(용당동),35.1170939,129.0950111
부산광역시,사직119안전센터,부산광역시 동래구 체육공원로 74(사직동),35.1939012,129.0596194
부산광역시,수안119안전센터,부산광역시 동래구 명륜로45번길 7(수안동),35.198166,129.0838249
부산광역시,양정119안전센터,부산광역시 부산진구 연수로 44(양정동),35.1745094,129.0759368
부산광역시,연산119안전센터,부산광역시 연제구 고분로 216(연산동),35.1839901,129.1057213
부산광역시,온천119안전센터,부산광역시 동래구 우장춘로 196(온천동),35.2232626,129.0776144
부산광역시,가야119안전센터,부산광역시 부산진구 가야대로 627(가야동),35.1557235,129.0403924
부산광역시,당감119안전센터,부산광역시 부산진구 백양산로53번길 65(당감동),35.1716768,129.0285215
부산광역시,범일119안전센터,부산광역시 동구 범일로 115(범일동),35.1404239,129.0590607
부산광역시,부암119안전센터,부산광역시 부산진구 신천대로 282(부암동),35.1667542,129.0508134
부산광역시,부전119안전센터,부산광역시 부산진구 서전로 43(전포동),35.1580831,129.0646224
부산광역시,수정119안전센터,부산광역시 동구 중앙대로 383-1(수정동),35.1298998,129.0491972
부산광역시,안창119안전센터,부산광역시 동구 안창로 62(범일동),35.1460354,129.0419132
부산광역시,구포119안전센터,부산광역시 북구 만덕대로 31(덕천동),35.211134,129.0083705
부산광역시,금곡119안전센터, 부산광역시 북구 금곡대로 680(금곡동),35.2406378,129.0122022
부산광역시,만덕119안전센터,부산광역시 북구 함박봉로 142(만덕동),35.2048295,129.0331609
부산광역시,화명119안전센터,부산광역시 북구 금곡대로 184(화명동),35.2252685,129.0102967
부산광역시,감전119안전센터,부산광역시 사상구 가야대로 41(감전동),35.1518723,128.9773878
부산광역시,모라119안전센터,부산광역시 사상구 백양대로 950(모라동),35.1862799,128.9890852
부산광역시,삼락119안전센터,부산광역시 사상구 삼덕로 17(삼락동),35.1745485,128.978788
부산광역시,주례119안전센터,부산광역시 사상구 양지로22(주례동),35.1538981,129.0041341
부산광역시,학장119안전센터,부산광역시 사상구 학감대로 89(학장동),35.1396525,128.9904332
부산광역시,감천119안전센터,부산광역시 사하구 원양로 405(감천동),35.0863302,129.0048078
부산광역시,괴정119안전센터,부산광역시 사하구 낙동대로 262(괴정동),35.1015936,128.9962086
부산광역시,다대119안전센터,부산광역시 사하구 다대로 622(다대동),35.0512077,128.9703614
부산광역시,신평119안전센터,부산광역시 사하구 장평로 270(신평동),35.0903028,128.9735255
부산광역시,하단119안전센터,부산광역시 사하구 낙동남로 1407(하단동),35.1065112,128.9655869
부산광역시,부민119안전센터,부산광역시 서구 임시수도기념로 21-4(부민동3가),35.1032063,129.0185808
부산광역시,중앙119안전센터,부산광역시 중구 중앙대로 110(중앙동4가),35.1070254,129.0367607
부산광역시,창선119안전센터,부산광역시 중구 대청로 68-1(부평동1가),35.1028391,129.0273391
부산광역시,초량119안전센터,부산광역시 동구 중앙대로 260번길 7(초량동),35.1197974,129.0432025
부산광역시,충무119안전센터,부산광역시 서구 충무대로 186(남부민동),35.0867284,129.0229944
부산광역시,동삼119안전센터,부산광역시 영도구 해양로 297(동삼동),35.082095,129.0769394
부산광역시,부두119안전센터,부산광역시 동구 충장대로 286(좌천동),35.1342662,129.0548636
부산광역시,영선119안전센터,부산광역시 영도구 태종로 115(영선동1가),35.0894692,129.0448752
부산광역시,청학119안전센터,부산광역시 영도구 태종로 274(청학동),35.0946176,129.0582433
부산광역시,반송119안전센터,부산광역시 해운대구 아랫반송로 10,35.22540290000001,129.147019
부산광역시,반여119안전센터,부산광역시 해운대구 선수촌로 21번길 64(반여동),35.1974453,129.1179505
부산광역시,센텀119안전센터,부산광역시 해운대구 센텀동로 50(우동),35.1737308,129.1308507
부산광역시,우동119안전센터,부산광역시 해운대구 해운대해변로 106(우동),35.1594801,129.1435732
부산광역시,좌동119안전센터,부산광역시 해운대구 대천로67번길 35(좌동),35.1736642,129.1664717
부산광역시,중동119안전센터,부산광역시 해운대구 달맞이길 117번길 72(중동),35.1606694,129.175877
대구광역시,구암119안전센터,대구광역시 북구 구암서로 71,35.9398209,128.5657421
대구광역시,군위119안전센터,대구광역시 군위군 군위읍 군위공단길 65,36.20760550000001,128.5604421
대구광역시,금호119안전센터,대구광역시 북구 한강로 105,35.8961895,128.5213366
대구광역시,무태119안전센터,대구광역시 북구 호국로43길 21,35.920681,128.5969344
대구광역시,읍내119안전센터,대구광역시 북구 칠곡중앙대로 570,35.9463335,128.551592
대구광역시,의흥119안전센터,대구광역시 군위군 의흥면 읍내길 23,36.1766557,128.7138976
대구광역시,태전119안전센터,대구광역시 북구 칠곡중앙대로 184,35.9123545,128.5488218
대구광역시,다사119안전센터,대구광역시 달성군 다사읍 달구벌대로 920,35.85547,128.4677616
대구광역시,대천119안전센터,대구광역시 달서구 달서대로58길 129,35.8248432,128.5068484
대구광역시,매곡119안전센터,대구광역시 달성군 다사읍 달구벌대로 753,35.8613666,128.4545108
대구광역시,성서119안전센터,대구광역시 달서구 성서로 357,35.8493821,128.5068234
대구광역시,도원119안전센터,대구광역시 달서구 도원로 8,35.8089796,128.535828
대구광역시,본리119안전센터,대구광역시 달서구 대명천로 134,35.8396828,128.5450731
대구광역시,송현119안전센터,대구광역시 달서구 월배로 262,35.8200064,128.5421067
대구광역시,월성119안전센터,대구광역시 달서구 학산로 75,35.8310598,128.5347216
대구광역시,죽전119안전센터,대구광역시 달서구 와룡로 222,35.8525755,128.5376908
대구광역시,구지119안전센터,대구광역시 달성군 구지면 달성2차로 111,35.6404124,128.4168061
대구광역시,논공119안전센터,대구광역시 달성군 논공읍 논공중앙로33길 5,35.73015040000001,128.4520827
대구광역시,옥포119안전센터,대구광역시 달성군 옥포읍 돌미로 93,35.7816462,128.4437473
대구광역시,현풍119안전센터,대구광역시 달성군 현풍읍 비슬로 480,35.6826929,128.4454146
대구광역시,화원119안전센터,대구광역시 달성군 화원읍 화암로 122,35.7987558,128.5016359
대구광역시,공산119안전센터,대구광역시 동구 팔공산로 1579,35.9627705,128.6972224
대구광역시,동촌119안전센터,대구광역시 동구 해동로 180,35.8866986,128.6485255
대구광역시,불로119안전센터,대구광역시 동구 팔공로50길 19,35.92207800000001,128.6436741
대구광역시,신천119안전센터,대구광역시 동구 동대구로 507,35.8759309,128.6251939
대구광역시,안심119안전센터,대구광역시 동구 매여로 102,35.8891383,128.7085291
대구광역시,율하119안전센터,대구광역시 동구 율하동로8길 5,35.8622753,128.7019799
대구광역시,노원119안전센터,대구광역시 북구 노원로 42,35.8918525,128.5675637
대구광역시,대현119안전센터,대구광역시 북구 대현로 105,35.8822785,128.6108944
대구광역시,산격119안전센터,대구광역시 북구 유통단지로8길 88,35.9059651,128.6144715
대구광역시,칠성119안전센터,대구광역시 북구 칠성남로 112,35.8776343,128.5925563
대구광역시,침산119안전센터,대구광역시 북구 침산남로 149,35.888043,128.5925138
대구광역시,내당119안전센터,대구광역시 서구 서대구로3길 16,35.859393,128.5553323
대구광역시,비산119안전센터,대구광역시 서구 달서로 206,35.8804978,128.5719667
대구광역시,이현119안전센터,대구광역시 서구 국채보상로 119,35.8690676,128.5441487
대구광역시,평리119안전센터,대구광역시 서구 달서천로 186,35.8816503,128.5542816
대구광역시,가창119안전센터,대구광역시 달성군 가창면 가창로 547,35.7638535,128.6474141
대구광역시,고산119안전센터,대구광역시 수성구 고산로 105,35.8407297,128.7045844
대구광역시,만촌119안전센터,대구광역시 수성구 달구벌대로 2658,35.8555472,128.6521514
대구광역시,무열로119안전센터,대구광역시 수성구 무열로 139,35.8709145,128.6481174
대구광역시,범물119안전센터,대구광역시 수성구 청호로 87,35.8255924,128.6443895
대구광역시,상동119안전센터,대구광역시 수성구 파동로51길 5,35.8251697,128.6095968
대구광역시,수성119안전센터,대구광역시 수성구 들안로60길 30,35.85683849999999,128.6208932
대구광역시,황금119안전센터,대구광역시 수성구 동대구로12길 41,35.8356679,128.6265762
대구광역시,남산119안전센터,대구광역시 중구 달구벌대로 1926,35.862301,128.5752872
대구광역시,대신119안전센터,대구광역시 중구 큰장로26길 45,35.8688383,128.5807376
대구광역시,명덕119안전센터,대구광역시 남구 명덕로34길 22,35.8555348,128.5872059
대구광역시,봉덕119안전센터,대구광역시 남구 희망로3길 29,35.84907,128.599284
대구광역시,삼덕119안전센터,대구광역시 중구 공평로 35,35.8672283,128.599624
대구광역시,서문로119안전센터,대구광역시 중구 경상감영길 45,35.8715194,128.5898969
대구광역시,성명119안전센터,대구광역시 남구 대명남로 12-1,35.8334378,128.56015
인천광역시,강화119안전센터,인천광역시 강화군 강화읍 남문로23번길 11,37.7404714,126.4867597
인천광역시,길상119안전센터,인천광역시 강화군 길상면 마니산로 93,37.6392192,126.4828313
인천광역시,내가119안전센터,인천광역시 강화군 내가면 강화서로 235-1,37.7178947,126.3896985
인천광역시,불은119안전센터,인천광역시 강화군 불은면 중앙로 505,37.712717,126.4582528
인천광역시,검단119안전센터,인천광역시 서구 완정로191,37.6026596,126.6551562
인천광역시,마전119안전센터,인천광역시 서구 원당대로736,37.5919241,126.6704531
인천광역시,오류119안전센터,인천광역시 서구 대촌로6,37.5945176,126.6325489
인천광역시,원당119안전센터,인천광역시 서구 원당대로881,37.5937944,126.6996765
인천광역시,계산119안전센터,인천광역시 계양구 주부토로557,37.54398279999999,126.7281759
인천광역시,작전119안전센터,인천광역시 계양구 장제로774,37.5370582,126.7353061
인천광역시,장기119안전센터,인천광역시 계양구 장기서로14,37.5763125,126.7337892
인천광역시,효성119안전센터,인천광역시 계양구 효서로 96-1,37.5275716,126.7064606
인천광역시,고잔119안전센터,인천광역시 남동구 남동서로 208,37.4081186,126.6932845
인천광역시,논현119안전센터,인천광역시 남동구 소래역로 109,37.4053191,126.7296536
인천광역시,도림119안전센터,인천광역시 남동구 비류대로 667,37.4227091,126.7090953
인천광역시,동춘119안전센터,인천광역시 연수구 앵고개로 241,37.4091715,126.6712884
인천광역시,소래119안전센터,인천광역시 남동구 에코중앙로 86,37.3864311,126.7207788
인천광역시,옥련119안전센터,인천광역시 연수구 청량로155번길 7,37.4206484,126.651928
인천광역시,간석119안전센터,인천광역시 남동구 경인로 621,37.4658097,126.706403
인천광역시,구월119안전센터,인천광역시 남동구 인주대로 714,37.4487872,126.7164734
인천광역시,담방119안전센터,인천광역시 남동구 매소홀로 1044,37.4392919,126.7390709
인천광역시,만수119안전센터,인천광역시 남동구 백범로 207,37.45965169999999,126.7258364
인천광역시,서창119안전센터,인천광역시 남동구 서창방산로 61,37.4227004,126.7515785
인천광역시,관교119안전센터,인천광역시 미추홀구 인하로 450,37.4442899,126.6965341
인천광역시,도화119안전센터,인천광역시 미추홀구 장고개로 85,37.475496,126.669258
인천광역시,숭의119안전센터,인천광역시 미추홀구 석정로49번길 30,37.4640781,126.6430063
인천광역시,신기119안전센터,인천광역시 미추홀구 인하로 190,37.4484183,126.6690204
인천광역시,용현119안전센터,인천광역시 미추홀구 독배로 376,37.4533926,126.648633
인천광역시,주안119안전센터,인천광역시 미추홀구 한나루로 607,37.4605344,126.672011
인천광역시,갈산119안전센터,인천광역시 부평구 부평대로 324,37.5203259,126.7221446
인천광역시,부개119안전센터,인천광역시 부평구 부개로 6,37.4978971,126.739718
인천광역시,부평119안전센터,인천광역시 부평구 부평대로 8,37.4921206,126.7234523
인천광역시,산곡119안전센터,인천광역시 부평구 마장로 198,37.4958774,126.7030184
인천광역시,삼산119안전센터,인천광역시 부평구 충선로 252,37.5117696,126.7360706
인천광역시,십정119안전센터,인천광역시 부평구 경원대로 1111,37.4803792,126.6972618
인천광역시,가좌119안전센터,인천광역시 서구 백범로678번길 17,37.4822665,126.6826108
인천광역시,검암119안전센터,인천광역시 서구 승학로 474,37.5640677,126.6735708
인천광역시,석남119안전센터,인천광역시 서구 석남로 102,37.500523,126.6729513
인천광역시,신현119안전센터,인천광역시 서구 가정로 333-1,37.5146623,126.6722634
인천광역시,연희119안전센터,인천광역시 서구 서곶로 292,37.5433372,126.6772956
인천광역시,원창119안전센터,인천광역시 서구 북항로32번길 47-5,37.510554,126.644642
인천광역시,청라119안전센터,인천광역시 서구 청라한내로 77,37.5322015,126.627149
인천광역시,국제119안전센터,인천광역시 연수구 센트럴로 412,37.4102834,126.6287114
인천광역시,미래119안전센터,인천광역시 연수구 첨단대로60번길 15,37.3672883,126.6516002
인천광역시,신송119안전센터,인천광역시 연수구 해돋이로 92,37.3908924,126.6519148
인천광역시,영흥119안전센터,인천광역시 옹진군 영흥로 283-32,37.2559865,126.4837862
인천광역시,공항119안전센터,인천광역시 중구 제2터미널대로 268,37.4888058,126.4122275
인천광역시,용유119안전센터,인천광역시 중구 용유서로128번길 1,37.4484778,126.3938962
인천광역시,운남119안전센터,인천광역시 중구 중구 운남로 116,37.4880364,126.5332886
인천광역시,운서119안전센터,인천광역시 중구 흰바위로27번길 16,37.4937224,126.4884432
인천광역시,만석119안전센터,인천광역시 동구 제물량로 396,37.4833831,126.6258222
인천광역시,백령119안전센터,인천광역시 옹진군 백령면 백령남로 30,37.96745660000001,124.7207451
인천광역시,송림119안전센터,인천광역시 동구 샛골로 133,37.474318,126.6440707
인천광역시,송현119안전센터,인천광역시 동구 방축로 39,37.4863194,126.6509785
인천광역시,연안119안전센터,인천광역시 중구 축항대로118번길 108,37.4457111,126.6029642
인천광역시,중앙119안전센터,"인천광역시 중구 인중로 204, 1층",37.4702255,126.6224268
광주광역시,비아119안전센터,광주광역시 광산구 비아로12번길 10(비아동),35.2207654,126.8236033
광주광역시,빛그린119안전센터,광주광역시 광산구 삼도로 65(삼거동),35.1668646,126.6802904
광주광역시,송정119안전센터,광주광역시 광산구 상무대로 93-1(도산동),35.1257166,126.793181
광주광역시,신가119안전센터,광주광역시 광산구 수등로 236(신가동),35.1848965,126.8347795
광주광역시,월곡119안전센터,광주광역시 광산구 우산로 85번길 12-5(우산동),35.1573373,126.8099023
광주광역시,첨단119안전센터,광주광역시 광산구 임방울대로825번길 16(쌍암동),35.2184635,126.8491284
광주광역시,평동119안전센터,광주광역시 광산구 월전로 59(월전동),35.1243463,126.7739999
광주광역시,하남119안전센터,광주광역시 광산구 하남산단1번로 13(하남동),35.1861234,126.7965696
광주광역시,대촌119안전센터,광주광역시 남구 회재로 251(지석동),35.0825049,126.8340935
광주광역시,봉선119안전센터,광주광역시 남구 오방로 63(방림동),35.1310197,126.9189586
광주광역시,송하119안전센터,광주광역시 남구 송암로58번길 13(송하동),35.1106008,126.8783716
광주광역시,월산119안전센터,광주광역시 남구 수박등로 1(월산동),35.1405871,126.8946968
광주광역시,대인119안전센터,광주광역시 동구 제봉로 210(대인동),35.1513181,126.916761
광주광역시,용산119안전센터,광주광역시 동구 남문로 535(용산동),35.106582,126.9196713
광주광역시,지산119안전센터,광주광역시 동구 밤실로30번길 16(지산동),35.1499529,126.9385691
광주광역시,건국119안전센터,광주광역시 북구 용두마을길 10,35.2206493,126.8762176
광주광역시,동림119안전센터,광주광역시 북구 북문대로 202(동림동),35.1864688,126.8702868
광주광역시,두암119안전센터,광주광역시 북구 삼정로 5(두암동),35.1623744,126.9368075
광주광역시,문흥119안전센터,광주광역시 북구 서하로 290(오치동),35.1865459,126.9122275
광주광역시,우산119안전센터,광주광역시 북구 동문대로 127(우산동),35.1773413,126.9236601
광주광역시,일곡119안전센터,광주광역시 북구 설죽로 529(일곡동),35.20634010000001,126.8973481
광주광역시,임동119안전센터,광주광역시 북구 서림로 5(임동),35.1688299,126.8907379
광주광역시,금호119안전센터,광주광역시 서구 운천로 112(쌍촌동),35.1426922,126.8583137
광주광역시,상무119안전센터,광주광역시 서구 치평로 65(치평동),35.1532752,126.8471395
광주광역시,염주119안전센터,광주광역시 서구 염화로 77(화정동),35.1415271,126.8738053
광주광역시,풍암119안전센터,광주광역시 서구 회재로 907(금호동),35.1248485,126.8545379
광주광역시,화정119안전센터,광주광역시 서구 화운로 197(화정동),35.1565062,126.8764472
대전광역시,가양119안전센터,대전광역시 동구 계족로 300,36.3391505,127.4375941
대전광역시,삼성119안전센터,대전광역시 동구 태전로 134,36.3403128,127.4219569
대전광역시,원동119안전센터,대전광역시 동구 대전천동로 508,36.3269829,127.4328557
대전광역시,부사119안전센터,대전광역시 중구 대종로 373,36.3163364,127.4306331
대전광역시,산내119안전센터,대전광역시 동구 산내로 1328,36.28182109999999,127.4676649
대전광역시,용운119안전센터,대전광역시 동구 용운로 151번길 88,36.3312541,127.461864
대전광역시,갈마119안전센터,대전광역시 서구 갈마중로 15,36.3478941,127.3712018
대전광역시,태평119안전센터,대전광역시 중구 동서대로 1235,36.3267571,127.3968441
대전광역시,탄방119안전센터,대전광역시 서구 문정로 142,36.3468159,127.3952554
대전광역시,월평119안전센터,대전광역시 서구 청사로 27,36.3600224,127.3668817
대전광역시,샘머리119안전센터,대전광역시 서구 둔산로 101번길 26,36.3525344,127.3855744
대전광역시,법동119안전센터,대전광역시 대덕구 계족로 682,36.3724807,127.4290355
대전광역시,대화119안전센터,대전광역시 대덕구 대화로 81,36.3668585,127.411407
대전광역시,덕암119안전센터,대전광역시 대덕구 신탄진로 661,36.4372272,127.4256421
대전광역시,문평119안전센터,대전광역시 대덕구 문평동로 18번길 34,36.4468829,127.4045985
대전광역시,송촌119안전센터,대전광역시 대덕구 동춘당로 65,36.3634681,127.4419769
대전광역시,도룡119안전센터,대전광역시 유성구 대덕대로 516,36.3773616,127.3843146
대전광역시,전민119안전센터,대전광역시 유성구 엑스포로 486-11,36.3992969,127.4059517
대전광역시,구암119안전센터,대전광역시 유성구 월드컵대로 263,36.3489006,127.3292282
대전광역시,궁동119안전센터,대전광역시 유성구 궁동로 35,36.3636884,127.3487444
대전광역시,노은119안전센터,대전광역시 유성구 노은로 101,36.3686894,127.3174969
대전광역시,복수119안전센터,대전광역시 서구 복수서로 67,36.309264,127.372401
대전광역시,문화119안전센터,대전광역시 중구 계룡로 918번길 67,36.319336,127.4112805
대전광역시,산성119안전센터,대전광역시 중구 산성로 59,36.3077529,127.3949584
대전광역시,가수원119안전센터,대전광역시 서구 용소로 46,36.3090519,127.3526812
대전광역시,원내119안전센터,대전광역시 유성구 계백로 801번길 17,36.29192099999999,127.3188968
대전광역시,기성119안전센터,대전광역시 서구 금평2길 57,36.2541115,127.3417164
울산광역시,공단119안전센터,울산광역시 남구 부곡동 287,35.5025692,129.3283646
울산광역시,무거119안전센터,울산광역시 남구 문수로 89,35.538876,129.263739
울산광역시,삼산119안전센터,울산광역시 삼산중로 149,35.54739989999999,129.3354351
울산광역시,신정119안전센터,울산광역시 남구 신정로87번길 2,35.5393834,129.3196393
울산광역시,여천119안전센터,울산광역시 남구 여천로 81-33,35.525124,129.3413327
울산광역시,옥동119안전센터,울산광역시 남구 대공원입구로21번길 20,35.5343181,129.2921736
울산광역시,장생포119안전센터,울산광역시 남구 매암로 18,35.5115122,129.3774409
울산광역시,온산119안전센터,울산광역시 울주군 덕신로 232,35.4332957,129.3066122
울산광역시,온양119안전센터,울산광역시 울주군 온양로 74,35.4109256,129.2797401
울산광역시,웅촌119안전센터,울산광역시 울주군 웅촌면 곡천검단로 9,35.4634737,129.2064858
울산광역시,화산119안전센터,울산광역시 울주군 공단로 417,35.4392361,129.3351802
울산광역시,전하119안전센터,울산광역시 동구 진성4가길 8,35.5093121,129.4290661
울산광역시,화암119안전센터,울산광역시 동구 꽃바위2가길 9,35.4823984,129.4126425
울산광역시,화정119안전센터,울산광역시 동구 방어진순환도로 601,35.4954984,129.4270014
울산광역시,강동119안전센터,울산광역시 북구 산하중앙2로 231,35.6207175,129.4405352
울산광역시,농소119안전센터,울산광역시 북구 아진로 72,35.6299065,129.3407884
울산광역시,매곡119안전센터,울산광역시 북구 오토밸리로 1024,35.6488042,129.3595035
울산광역시,송정119안전센터,울산광역시 북구 화동로 178,35.606803,129.3702809
울산광역시,염포119안전센터,울산광역시 북구 염포로 769,35.5264335,129.3990008
울산광역시,두서119안전센터,울산광역시 울주군 두서면 인보로 85,35.6424485,129.1588761
울산광역시,범서119안전센터,울산광역시 울주군 범서읍 구영앞길 99,35.5697648,129.2362709
울산광역시,언양119안전센터,울산광역시 울주군 도호길 72-37,35.5450643,129.1365729
울산광역시,병영119안전센터,울산광역시 중구 구교로 226,35.56456600000001,129.3424963
울산광역시,성남119안전센터,울산광역시 중구 젊음의거리 6,35.55315,129.3167975
울산광역시,유곡119안전센터,울산광역시 중구 종가로 205,35.5630933,129.2991428
울산광역시,태화119안전센터,울산광역시 중구 태화로 111,35.5533893,129.287957
세종특별자치시,보람119안전센터,세종특별자치시 남세종로 436(보람동),36.4779478,127.2913616
세종특별자치시,아름119안전센터,세종특별자치시 보듬3로 119(아름동),36.5114435,127.2466256
세종특별자치시,어진119안전센터,세종특별자치시 절재로 301(어진동),36.5062351,127.2742638
세종특별자치시,장군119안전센터,세종특별자치시 장군면 장척로 387-4,36.4964938,127.2042365
세종특별자치시,한솔119안전센터,세종특별자치시 노을3로 29(한솔동),36.4805329,127.2591722
세종특별자치시,부강119안전센터,세종특별자치시 부강면 청연로 7,36.5283369,127.3721968
세종특별자치시,연서119안전센터,세종특별자치시 연서면 도신고복로 306,36.5895285,127.2022242
세종특별자치시,전의119안전센터,세종특별자치시 전의면 서정길 46-6,36.6865044,127.1925199
세종특별자치시,조치원119안전센터,세종특별자치시 조치원읍 세종로 2439,36.6046995,127.2888744
경기도,정자119안전센터,경기도 수원시 장안구 정자천로 189번길 12,37.2973973,126.9958487
경기도,원천119안전센터,경기도 수원시 영통구 중부대로 349,37.2731843,127.0541439
경기도,파장119안전센터,경기도 수원시 장안구 서부로 2308,37.3123776,126.9791624
경기도,이의119안전센터,경기도 수원시 영통구 도청로18번길 33,37.2876027,127.0569184
경기도,영통119안전센터,경기도 수원시 영통구 매영로 325,37.2532223,127.0688993
경기도,남부119안전센터,경기도 수원시 권선구 동수원로 286,37.2545109,127.0364246
경기도,매산119안전센터,경기도 수원시 팔달구 매산로 89,37.2705312,127.0106644
경기도,지만119안전센터,경기도 수원시 팔달구 경수대로 660,37.2843057,127.0287175
경기도,서둔119안전센터,경기도 수원시 권선구 서호동로 48,37.268934,126.9933209
경기도,고색119안전센터,경기도 수원시 권선구 서부로 1614,37.2531737,126.9753041
경기도,호매실119안전센터,경기도 수원시 권선구 금곡로 194,37.2732827,126.9519645
경기도,하대원119안전센터,경기도 성남시 중원구 마지로 64,37.4223413,127.1586809
경기도,신흥119안전센터,경기도 성남시 수정구 시민로 151,37.4415673,127.1433098
경기도,상대원119안전센터,경기도 성남시 중원구 둔촌대로 469,37.4321583,127.1689813
경기도,단대119안전센터,경기도 성남시 수정구 논골로 11번길 7-2,37.4548418,127.15951
경기도,위례119안전센터,경기도 성남시 수정구 헌릉로 1003,37.4619672,127.1437017
경기도,태평119안전센터,경기도 성남시 수정구 성남대로 1312,37.4468548,127.127218
경기도,고등119안전센터,경기도 성남시 수정구 대왕판교로 931,37.4316527,127.1032074
경기도,서현119안전센터,경기도 성남시 분당구 양현로 14,37.3860514,127.1193949
경기도,판교119안전센터,경기도 성남시 분당구 대왕판교로644번길 62,37.3996005,127.1137063
경기도,서판교119안전센터,경기도 성남시 분당구 운중로 88,37.3913473,127.0726849
경기도,수내119안전센터,경기도 성남시 분당구 백현로 241,37.3673441,127.1225758
경기도,야탑119안전센터,경기도 성남시 분당구 양현로 485,37.4164183,127.1360417
경기도,구미119안전센터,경기도 성남시 분당구 돌마로 138,37.3519199,127.1164507
경기도,중앙119안전센터,경기도 부천시 원미구 신흥로 115,37.4937163,126.7778801
경기도,오정119안전센터,경기도 부천시 오정구 신흥로 499,37.5274637,126.7774552
경기도,중동119안전센터,경기도 부천시 원미구 부일로 346,37.4877307,126.768488
경기도,괴안119안전센터,경기도 부천시 소사구 부광로8번길 49,37.4827287,126.8104535
경기도,원종119안전센터,경기도 부천시 오정구 원종로79번길 41,37.5260263,126.8085218
경기도,상동119안전센터,경기도 부천시 원미구 장말로 113,37.49431360000001,126.7545617
경기도,서부119안전센터,경기도 부천시 원미구 계남로 169,37.5079392,126.7676908
경기도,범박119안전센터,경기도 부천시 소사구 범안로 127,37.4705702,126.8094553
경기도,신상119안전센터,경기도 부천시 원미구 상동로117번길 36,37.508122,126.7515449
경기도,여월119안전센터,경기도 부천시 오정구 여월로 62,37.5113686,126.8053947
경기도,부림119안전센터,경기도 안양시 동안구 관평로212번길 32 (관양동),37.3958772,126.9606294
경기도,안양119안전센터,경기도 안양시 만안구 현충로 55 (안양동),37.3902784,126.925566
경기도,관양119안전센터,경기도 안양시 동안구 동편로13번길 6 (관양동),37.4066528,126.9716262
경기도,석수119안전센터,경기도 안양시 만안구 석수로 28 (석수동),37.4089692,126.9092261
경기도,귀인119안전센터,경기도 안양시 동안구 평촌대로 104 (평촌동),37.3818971,126.9615111
경기도,박달119안전센터,경기도 안양시 만안구 오리로 38 (박달동),37.4079179,126.8847762
경기도,고잔119안전센터,경기도 안산시 단원구 화랑로 407 (고잔동),37.32162280000001,126.8333289
경기도,원시119안전센터,경기도 안산시 단원구 동산로 31 (원시동),37.3129396,126.7936208
경기도,선부119안전센터,경기도 안산시 단원구 선부광장서로 43 (선부동),37.3339499,126.8044298
경기도,성곡119안전센터,경기도 안산시 단원구 장자골로 66 (성곡동),37.312794,126.7655529
경기도,월피119안전센터,경기도 안산시 상록구 충장로 645 (월피동),37.3350415,126.8544949
경기도,군자119안전센터,경기도 안산시 단원구 번영1로 45 (성곡동),37.3198398,126.7357464
경기도,사동119안전센터,경기도 안산시 상록구 항가울로 230 (사동),37.3008952,126.8437071
경기도,대부119안전센터,경기도 안산시 단원구 영전로 375 (대부동동),37.240182,126.6179252
경기도,반월119안전센터,경기도 안산시 상록구 건지미길 48 (건건동),37.3030602,126.9059055
경기도,신길119안전센터,경기도 안산시 단원구 삼일로 50(신길동),37.3350467,126.7836546
경기도,상록수119안전센터,경기도 안산시 상록수 충장로 237 (본오동),37.3028197,126.8595581
경기도,역북119안전센터,경기도 용인시 처인구 명지로 45,37.232061,127.1898362
경기도,양지119안전센터,경기도 용인시 처인구 양지면 남평로 46,37.2299978,127.2890056
경기도,남사119안전센터,경기도 용인시 처인구 남사면 봉무로 13,37.1153984,127.1522586
경기도,포곡119안전센터,경기도 용인시 처인구 포곡읍 포곡로 252,37.2776861,127.2300065
경기도,이동119안전센터,경기도 용인시 처인구 이동면 백옥대로 416-2,37.1744995,127.2042808
경기도,백암119안전센터,경기도 용인시 처인구 백암면 백암로 247,37.1675768,127.3714925
경기도,모현119안전센터,경기도 용인시 처인구 모현면 독점로 31-12,37.3293555,127.2415757
경기도,수지119안전센터,경기도 용인시 수지구 풍덕천로 177,37.3261052,127.1002814
경기도,구갈119안전센터,경기도 용인시 기흥구 신구로 74,37.2788286,127.1098461
경기도,보정119안전센터,경기도 용인시 기흥구 보정로114번길2,37.3196846,127.1158774
경기도,동백119안전센터,경기도 용인시 기흥구 동백6로 33,37.27770539999999,127.1551683
경기도,기흥119안전센터,경기도 용인시 기흥구 한보라1로 128,37.2450132,127.1058877
경기도,성복119안전센터,경기도 용인시 수지구 성복1로 251,37.3193681,127.0634458
경기도,비전119안전센터,경기도 평택시 중앙로 273(비전동),36.99047290000001,127.1127544
경기도,안중119안전센터,경기도 평택시 안중읍 안현로서 7길 28,36.9818283,126.9242764
경기도,팽성119안전센터,경기도 평택시 팽성읍 팽성송화로 172,36.9621437,127.0590547
경기도,포승119안전센터,경기도 평택시 포승읍 평택항로 156번길 11,36.9738756,126.8454094
경기도,세교119안전센터,경기도 평택시 세교4로21(세교동),37.0066596,127.0865659
경기도,신평119안전센터,경기도 평택시 평택로 2(합정동),36.9886397,127.0902396
경기도,신장119안전센터,경기도 평택시 경기대로 1627(신장동),37.0847081,127.0515305
경기도,진위119안전센터,경기도 평택시 진위면 봉남길30,37.1008682,127.087448
경기도,모곡119안전센터,경기도 평택시 산단로 64번길 2(모곡동),37.0368348,127.0769485
경기도,서탄119안전센터,경기도 평택시 서탄면 서탄로241,37.105886,127.037112
경기도,고덕119안전센터,경기도 평택시 고덕율포1로46(고덕동),37.0459051,127.0474218
경기도,청북119안전센터,경기도 평택시 청북읍 현곡산단로16,37.0337045,126.9391979
경기도,소하119안전센터,경기도 광명시 금하로 472,37.4485929,126.8851618
경기도,광명119안전센터,경기도 광명시 목감로 306,37.4880391,126.8603305
경기도,하안119안전센터,경기도 광명시 범안로 1025,37.4614865,126.8771233
경기도,광남119안전센터,경기도 광명시 목감로 34,37.4714868,126.8456024
경기도,시흥119안전센터,경기도 시흥시 정왕신길로 206,37.3493398,126.7397224
경기도,은행119안전센터,경기도 시흥시 대은로 4,37.4393692,126.7932925
경기도,정왕119안전센터,경기도 공단1대로259번길 1,37.3356214,126.7297474
경기도,연성119안전센터,경기도 시흥시 새재로 29,37.3818793,126.8028798
경기도,목감119안전센터,경기도 시흥시 목감우회로 15,37.3814331,126.8577304
경기도,배곧119안전센터,경기도 시흥시 서울대학로278번길 80,37.3690755,126.7291038
경기도,오금119안전센터,경기도 군포시 고산로 429,37.3524787,126.9271468
경기도,산본119안전센터,경기도 군포시 산본로432번길 1,37.3682379,126.9272249
경기도,송정119안전센터,경기도 군포시 도마교동 487,37.3165999,126.9216959
경기도,향남119안전센터,경기도 화성시 향남읍 향남로 399,37.1310169,126.9204065
경기도,팔탄119안전센터,경기도 화성시 팔탄면 구장길 2,37.1654318,126.9008516
경기도,정남119안전센터,경기도 화성시 정남면 정남동로 514,37.1651039,127.0022629
경기도,반송119안전센터,경기도 화성시 동탄반석로 188,37.2054482,127.0721187
경기도,목동119안전센터,경기도 화성시 동탄신리천로 359,37.1833961,127.1184474
경기도,태안119안전센터,경기도 화성시 병점중앙로 148,37.2111367,127.0389799
경기도,남양119안전센터,경기도 화성시 주석로 29,37.1688927,126.8941169
경기도,봉담119안전센터,경기도 화성시 봉담읍 동화새터길 135,37.215071,126.962887
경기도,장안119안전센터,경기도 화성시 장안면 3.1만세로 119,37.0862707,126.8260909
경기도,새솔119안전센터,경기도 경기 화성시 수노을2로 21,37.2816948,126.8175555
경기도,관고119안전센터,경기도 이천시 경충대로 2739,37.2819225,127.4316627
경기도,대월119안전센터,경기도 이천시 대월면 경충대로 1973,37.243452,127.4972858
경기도,장호원119안전센터,경기도 이천시 장호원읍 서동대로8829번길 71,37.1170636,127.6146787
경기도,마장119안전센터,경기도 이천시 마장면 중앙로 87,37.2495108,127.3579078
경기도,중앙119안전센터,경기도 김포시 감암로 111,37.6415708,126.7085655
경기도,양촌119안전센터,경기도 김포시 양곡1로 85,37.6581793,126.6224248
경기도,마산119안전센터,경기도 김포시 김포한강8로 196,37.63968819999999,126.6442978
경기도,대곶119안전센터,경기도 김포시 대곶면 수남로 104,37.6334017,126.5824983
경기도,통진119안전센터,경기도 김포시 통진읍 김포대로 2250,37.6907865,126.5964004
경기도,고촌119안전센터,경기도 김포시 고촌읍 은행영사정로 31,37.6023588,126.7737615
경기도,하성119안전센터,경기도 김포시 하성면 하성로 404,37.7111287,126.6376795
경기도,초월119안전센터,경기도 광주시 초월읍 무들로 112,37.3854587,127.2995008
경기도,송정119안전센터,경기도 광주시 수하길 36,37.4147999,127.2643254
경기도,오포119안전센터,경기도 광주시 오포로 910-5,37.3713666,127.2336074
경기도,광남119안전센터,경기도 광주시 고불로 277,37.3999931,127.2145303
경기도,곤지암119안전센터,경기도 광주시 곤지암읍 광여로 160,37.3487119,127.3633441
경기도,능평119안전센터,경기도 광주시 오포읍 대명대길 30,37.35727,127.1687874
경기도,도기119안전센터,경기도 안성시 미양로 855,37.0004582,127.2561791
경기도,미양119안전센터,경기도 안성시 미양면 제2공단3길 8 ,36.977513,127.2605563
경기도,죽산119안전센터,경기도 안성시 죽산면 장원공단길 38 ,37.0680573,127.4240396
경기도,공도119안전센터,경기도 안성시 공도읍 공도로 111 ,37.0008099,127.173131
경기도,원곡119안전센터,경기도 안성시 원곡면 원곡물류단지로 162-20,37.0420394,127.1582294
경기도,신장119안전센터,경기도 하남시 대청로 76 (신장동),37.5398466,127.2203165
경기도,감일119안전센터,경기도 하남시 감일백제로 77 (감이동),37.5079714,127.1615045
경기도,덕풍119안전센터,경기도 하남시 덕풍서로 60 (덕풍동),37.5523193,127.2045255
경기도,미사119안전센터,경기도 하남시 미사강변대로 190 (망월동),37.56246120000001,127.1854868
경기도,고천119안전센터,경기도 의왕시 오봉로 9,37.3440051,126.9747966
경기도,백운119안전센터,경기도 의왕시 안양판교로 187,37.3904923,126.9926088
경기도,부곡119안전센터,경기도 의왕시 오봉로 289,37.3278141,126.9521168
경기도,세교119안전센터,경기도 오산시 문헌공로 30,37.1752082,127.0537429
경기도,원동119안전센터,경기도 오산시 경기대로 99,37.1336273,127.072232
경기도,청학119안전센터,경기도 오산시 청학로 55-6,37.1545885,127.0636937
경기도,월송119안전센터,경기도 여주시 우암로 110,37.291785,127.6258427
경기도,가남119안전센터,경기도 여주시 가남읍 일신로 32,37.213362,127.5435239
경기도,북내119안전센터,경기도 여주시 북내면 도예로 440,37.3247708,127.6778849
경기도,금사119안전센터,경기도 여주시 금사면 능북로 898,37.385915,127.5323794
경기도,공흥119안전센터,경기도 양평군 양평읍 경강로 2047 ,37.5003572,127.5072318
경기도,강상119안전센터,경기도 양평군 강상면 송학길 54,37.4804763,127.4783739
경기도,용문119안전센터,경기도 양평군 용문면 연수로 64,37.4929971,127.590401
경기도,양서119안전센터,경기도 양평군 양서면 두물머리길 43,37.5342375,127.314658
경기도,중앙119안전센터,경기도 과천시 통영로 12,37.4285534,126.9904633
경기도,과천119안전센터,경기도 과천시 궁말로30,37.4430852,127.0095142
경기북부,가평119안전센터,경기도 가평군 가평읍 가화로 36번길,37.8236236,127.5167102
경기북부,설악119안전센터,경기도 가평군 설악면 한서로 7번길,37.676671,127.4945671
경기북부,조종119안전센터,경기도 가평군 조종면 현창로 14번길,37.8162048,127.3497083
경기북부,능곡119안전센터,경기도 고양시 덕양구 토당로 48,37.6202687,126.820743
경기북부,삼송119안전센터,경기도 고양시 덕양구 오금로 14,37.6630959,126.895038
경기북부,원당119안전센터,경기도 고양시 덕양구 고양대로 1342,37.6550328,126.8331518
경기북부,행신119안전센터,경기도 고양시 덕양구 소원로 181번길 52,37.6151123,126.8434302
경기북부,화전119안전센터,경기도 고양시 덕양구 중앙로 78,37.61193,126.8549664
경기북부,갈매119안전센터,경기도 구리시 산마루로 68,37.6294993,127.1206027
경기북부,교문119안전센터,경기도 구리시 아차산로 487번길 46,37.5982974,127.1277848
경기북부,인창119안전센터,경기도 구리시 건원대로 34번길 28,37.6041712,127.141943
경기북부,가운119안전센터,경기도 남양주시 가운로 16,37.6048614,127.1583639
경기북부,다산119안전센터,경기도 남양주시 다산중앙로146번길 76,37.6256163,127.1601855
경기북부,별내119안전센터,경기도 남양주시 송산로 41,37.6460659,127.12981
경기북부,오남119안전센터,경기도 남양주시 오남읍 진건오남로 772,37.6968519,127.2058214
경기북부,와부119안전센터,경기도 남양주시 와부읍 덕소로 97번길 34-2,37.5857833,127.2161882
경기북부,진건119안전센터,경기도 남양주시 진건읍 진건오남로 112-21,37.66022290000001,127.1802114
경기북부,진접119안전센터,경기도 남양주시 진접읍 금강로 1509-25,37.725457,127.1897101
경기북부,평내119안전센터,경기도 남양주시 평내로 25,37.6432745,127.2321811
경기북부,화도119안전센터,경기도 남양주시 화도읍 수레로 1260번길 25,37.6501103,127.3047695
경기북부,불현119안전센터,경기도 동두천시 지행로 6,37.892066,127.0477107
경기북부,소요119안전센터,경기도 동두천시 평화로 2910번길 65,37.9463148,127.0652328
경기북부,고읍119안전센터,경기도 양주시 고덕로 266,37.8019124,127.0698354
경기북부,광적119안전센터,경기도 양주시 광적면 광적로 55,37.8234406,126.9816093
경기북부,남면119안전센터,경기도 양주시 남면 삼육사로 247,37.9016678,126.9862738
경기북부,백석119안전센터,경기도 양주시 백석읍 꿈나무로 156,37.7959559,126.9892096
경기북부,옥정119안전센터,경기도 양주시 옥정로8길 52,37.82754010000001,127.0940588
경기북부,장흥119안전센터,경기도 양주시 장흥면 일영로 794,37.7121962,126.936461
경기북부,회천119안전센터,경기도 양주시 화합로 1272,37.8461086,127.0555928
경기북부,군남119안전센터,경기도 연천군 군남면 군남로 338,38.0917257,127.0348463
경기북부,백학119안전센터,경기도 연천군 백학면 백학산단길 16,38.0174262,126.9140965
경기북부,연천119안전센터,경기도 연천군 연천읍 차현로 92,38.0994799,127.0768183
경기북부,은대119안전센터,경기도 연천군 전곡읍 평화로 892,38.0484138,127.0688304
경기북부,전곡119안전센터,경기도 연천군 전곡읍 전곡로 27,38.0161785,127.0718662
경기북부,금오119안전센터,경기도 의정부시 금오로23번길 22-40,37.7551574,127.0699946
경기북부,녹양119안전센터,경기도 의정부시 체육로 248,37.758706,127.0313425
경기북부,송산119안전센터,경기도 의정부시 충의로 90,37.7397284,127.0865409
경기북부,호원119안전센터,경기도 의정부시 평화로322번길 7,37.7207823,127.0481737
경기북부,흥선119안전센터,경기도 의정부시 의정로 48,37.73713,127.0354435
경기북부,고봉119안전센터,경기도 고양시 일산동구 성현로 429,37.6993601,126.8306193
경기북부,대화119안전센터,경기도 고양시 일산서구 중앙로 1630,37.6790023,126.7419677
경기북부,문화119안전센터,경기도 고양시 일산동구 태극로 7,37.6637166,126.7506709
경기북부,백석119안전센터,경기도 고양시 일산동구 장백로 78,37.6442374,126.7850648
경기북부,장항119안전센터,경기도 고양시 일산동구 중앙로 1325,37.6632711,126.7696097
경기북부,주엽119안전센터,경기도 고양시 일산서구 주화로 82,37.6702343,126.7591177
경기북부,중산119안전센터,경기도 고양시 일산동구 중산로 218,37.69138969999999,126.7805019
경기북부,풍동119안전센터,경기도 고양시 일산동구 숲속마을로 10,37.6671705,126.8023981
경기북부,광탄119안전센터,경기도 파주시 광탄면 혜음로 1040,37.7757426,126.8511238
경기북부,교하119안전센터,경기도 파주시 청석로 301,37.72900000000001,126.7172696
경기북부,금촌119안전센터,경기도 파주시 가나무로 136,37.7539342,126.7805682
경기북부,법원119안전센터,경기도 파주시 법원읍 화합로 141,37.8467718,126.8821918
경기북부,운정119안전센터,경기도 파주시 와석순환로 90,37.7117609,126.749834
경기북부,월롱119안전센터,경기도 파주시 월롱면 엘씨디로 310,37.8152862,126.7525995
경기북부,적성119안전센터,경기도 파주시 적성면 감악산로 1220,37.9555431,126.928342
경기북부,탄현119안전센터,경기도 파주시 탄현면 필승로 458,37.7814245,126.6873971
경기북부,통일119안전센터,경기도 파주시 통일로 1564,37.8476046,126.7896719
경기북부,가산119안전센터,경기도 포천시 가산면 포천로 890,37.848509,127.1944494
경기북부,군내119안전센터,경기도 포천시 군내면 호국로 1538 ,37.8912534,127.2026403
경기북부,내촌119안전센터,경기도 포천시 내촌면 내촌로 120,37.790357,127.2304911
경기북부,선단119안전센터,경기도 포천시 호국로 1007-33,37.8554935,127.1653115
경기북부,소흘119안전센터,경기도 포천시 소흘읍 송우로 182,37.8361429,127.1318169
경기북부,영북119안전센터,경기도 포천시 영북면 영북로 144,38.0871121,127.2753266
경기북부,영중119안전센터,경기도 포천시 영중면 양문로 66,37.998505,127.2429021
경기북부,일동119안전센터,경기도 포천시 일동면 영일로 978,37.9481062,127.3099745
강원도,경포119안전센터,강원특별자치도 강릉시 해안로 502,37.8952651,128.8292485
강원도,내곡119안전센터,강원특별자치도 강릉시 범일로 660,37.7448543,128.8846671
강원도,옥계119안전센터,강원특별자치도 강릉시 옥계면 현내시장길 163,37.6023555,129.0301599
강원도,옥천119안전센터,강원특별자치도 강릉시 용지로 139,37.7611399,128.902188
강원도,유천119안전센터,강원특별자치도 강릉시 선수촌로 64-28,37.7571325,128.8727178
강원도,주문진119안전센터,강원특별자치도 강릉시 연곡면 연주로 226,37.8739992,128.8315965
강원도,포남119안전센터,강원특별자치도 강릉시 하평2길 23,37.772304,128.9129452
강원도,간성119안전센터,강원특별자치도 고성군 간성읍 수성로 37-11,38.3768321,128.4736388
강원도,거진119안전센터,강원특별자치도 고성군 거진읍 수외길 19,38.44106379999999,128.4526017
강원도,동광119안전센터,강원특별자치도 고성군 토성면 동해대로 5320,38.2811068,128.5491369
강원도,묵호119안전센터,강원특별자치도 동해시 일출로 29,37.551605,129.1105241
강원도,북삼119안전센터,강원특별자치도 동해시 효자남길 33-10,37.489302,129.1069687
강원도,북평119안전센터,강원특별자치도 동해시 공단1로 21,37.4715419,129.1430719
강원도,천곡119안전센터,강원특별자치도 동해시 천곡로 120,37.52455,129.118593
강원도,근덕119안전센터,강원특별자치도 삼척시 근덕면 교가길 37,37.3801408,129.2280354
강원도,도계119안전센터,강원특별자치도 삼척시 도계읍 도계강변3길 16,37.2407988,129.0457647
강원도,봉황119안전센터,강원특별자치도 삼척시 봉황로 101,37.4467381,129.1709062
강원도,원덕119안전센터,강원특별자치도 삼척시 원덕읍 삼척로 581,37.18588640000001,129.3272593
강원도,노학119안전센터,강원특별자치도 속초시 미시령로 3226,38.2037532,128.5601273
강원도,설악119안전센터,강원특별자치도 속초시 청봉로5길 37,38.1660774,128.5254277
강원도,영랑119안전센터,강원특별자치도 속초시 번영로 188,38.2154466,128.5902616
강원도,양구119안전센터,강원특별자치도 양구군 양구읍 중심로 92,38.0989498,127.9941002
강원도,강현119안전센터,강원특별자치도 양양군 강현면 장산1길 26,38.1477747,128.5976152
강원도,양양119안전센터,강원특별자치도 양양군 양양읍 남대천로 33,38.0675091,128.6224161
강원도,하조대119안전센터,강원특별자치도 양양군 현북면 동해대로 1155-33,37.9951759,128.737784
강원도,산솔119안전센터,강원특별자치도 영월군 산솔면 응고개길 10-17,37.14249830000001,128.6799216
강원도,영월119안전센터,강원특별자치도 영월군 영월읍 영월로 1863,37.1853749,128.4585801
강원도,주천119안전센터,강원특별자치도 영월군 주천면 송학주천로 1467-15,37.27476,128.2697882
강원도,기업119안전센터,강원특별자치도 원주시 기업도시로 220,37.37124439999999,127.8720224
강원도,단구119안전센터,강원특별자치도 원주시 강변로 255,37.3305476,127.9615022
강원도,명륜119안전센터,강원특별자치도 원주시 남원로 467,37.32698329999999,127.9428134
강원도,문막119안전센터,강원특별자치도 원주시 문막읍 문막시장1길 90,37.3034438,127.8144975
강원도,신림119안전센터,강원특별자치도 원주시 신림면 치악로 27,37.2297912,128.0789601
강원도,우산119안전센터,강원특별자치도 원주시 우산공단길 9,37.37411549999999,127.9418168
강원도,태장119안전센터,강원특별자치도 원주시 태장공단길 4,37.40158,127.952801
강원도,학성119안전센터,강원특별자치도 원주시 학성길 122,37.3536864,127.9448591
강원도,혁신119안전센터,강원특별자치도 원주시 동부순환로 201(반곡동),37.327007,127.9978986
강원도,흥업119안전센터,강원특별자치도 원주시 흥업면 북원로 1569-81,37.2933732,127.9098857
강원도,기린119안전센터,강원특별자치도 인제군 기린면 대내로 34-14,37.9650088,128.3190305
강원도,원통119안전센터,강원특별자치도 인제군 북면 원통로 301,38.1280384,128.2159688
강원도,인제119안전센터,강원특별자치도 인제군 인제읍 비봉로 44번길 71,38.0613774,128.1684755
강원도,고한119안전센터,강원특별자치도 정선군 고한읍 강원남로 6455,37.1950289,128.8699359
강원도,사북119안전센터,강원특별자치도 정선군 사북읍 하이원길 29,37.2238613,128.8156084
강원도,신동119안전센터,강원특별자치도 정선군 신동읍 의림로 342,37.2208765,128.6473493
강원도,임계119안전센터,강원특별자치도 정선군 임계면 송계4길 9,37.49509279999999,128.8528767
강원도,조양119안전센터,강원특별자치도 정선군 정선읍 녹송로 27,37.3794855,128.6716889
강원도,갈말119안전센터,강원특별자치도 철원군 갈말읍 명성로 229,38.1523406,127.3070033
강원도,김화119안전센터,강원특별자치도 철원군 서면 약수로 76,38.2456368,127.4352607
강원도,동송119안전센터,강원특별자치도 철원군 동송읍 금학로 251길 17,38.210795,127.216084
강원도,태봉119안전센터,강원특별자치도 철원군 갈말읍 태봉로 1504,38.1857168,127.3236302
강원도,강촌119안전센터,강원특별자치도 춘천시 소주고개로 680,37.78530110000001,127.6475567
강원도,대룡119안전센터,강원특별자치도 춘천시 고은길 9,37.8461758,127.7709654
강원도,소양119안전센터,강원특별자치도 춘천시 가연길 16,37.8780311,127.7219079
강원도,신북119안전센터,강원특별자치도 춘천시 신북읍 신북로 35,37.928464,127.7512134
강원도,효자119안전센터,강원특별자치도 춘천시 효명길 8,37.8711395,127.7263607
강원도,후평119안전센터,강원특별자치도 춘천시 후석로 446,37.8891922,127.7431697
강원도,장성119안전센터,강원특별자치도 태백시 석공길 16-9,37.1034077,129.0080373
강원도,철암119안전센터,강원특별자치도 태백시 동태백로 552,37.1210777,129.0442005
강원도,화전119안전센터,강원특별자치도 태백시 태백로 814,37.1371815,129.0011426
강원도,황지119안전센터,강원특별자치도 태백시 태백로 1120,37.1371815,129.0011426
강원도,대관령119안전센터,강원특별자치도 평창군 대관령면 올림픽로 62-20,37.6726315,128.7012192
강원도,대화119안전센터,강원특별자치도 평창군 대화면 평창대로 934,37.5030819,128.4541507
강원도,봉평119안전센터,강원특별자치도 평창군 봉평면 기풍로 107-6,37.612699,128.3776273
강원도,진부119안전센터,강원특별자치도 평창군 진부면 진부로 37,37.644879,128.567562
강원도,평창119안전센터,강원특별자치도 평창군 평창읍 살구실길 10,37.3780487,128.3894951
강원도,서석119안전센터,강원특별자치도 홍천군 서석면 풍암길2길 9,37.7143624,128.1875927
강원도,양덕원119안전센터,강원특별자치도 홍천군 남면 시동로 46,37.594064,127.8273707
강원도,팔봉119안전센터,강원특별자치도 홍천군 서면 팔봉산로 523,37.6802599,127.6618626
강원도,홍천119안전센터,강원특별자치도 홍천군 홍천읍 공작산로 99,37.6915754,127.9024725
강원도,사내119안전센터,강원특별자치도 화천군 문화마을1길 6,38.0680551,127.5249985
강원도,화천119안전센터,강원특별자치도 화천군 하남면 위라리길 47,38.0980947,127.7134734
강원도,공근119안전센터,강원특별자치도 횡성군 공근면 영서로 130-5,37.5238843,127.9559735
강원도,둔내119안전센터,강원특별자치도 횡성군 둔내면 고원남로 42,37.5065126,128.2123356
강원도,우천119안전센터,강원특별자치도 횡성군 우천면 서동로 199,37.4416392,128.0813229
강원도,횡성119안전센터,강원특별자치도 횡성군 횡성읍 문예로 157,37.485544,127.9740328
충청북도,영운119안전센터,충청북도 청주시 상당구 영운로 61,36.62074610000001,127.4948136
충청북도,사천119안전센터,충청북도 청주시 청원구 밀레니엄1로 63,36.6796443,127.4753982
충청북도,북문119안전센터,충청북도  청주시 상당구 상당로 168,36.6432826,127.4900833
충청북도,문의119안전센터,충청북도  청주시 상당구 문의면 문의시내1길 8,36.517777,127.4963079
충청북도,내수119안전센터,충청북도  청주시 청원구 내수읍 청암로80,36.7246457,127.5388917
충청북도,오창119안전센터,충청북도  청주시 청원구 오창읍 중심상업2로 30,36.7127864,127.432454
충청북도,가경119안전센터,충청북도 청주시 흥덕구 가경로 143,36.6269947,127.437116
충청북도,복대119안전센터,충청북도  청주시 흥덕구 공단로 92,36.639773,127.4398163
충청북도,산남119안전센터,충청북도  청주시 서원구 산미로 70,36.6040122,127.4704841
충청북도,사직119안전센터,충청북도  청주시 서원구 사직대로 229,36.63794490000001,127.4720381
충청북도,남이119안전센터,충청북도  청주시 서원구 청남로 866,36.5307093,127.4287705
충청북도,오송119안전센터,충청북도  청주시 흥덕구 오송생명3로 71-5,36.6316165,127.3268262
충청북도,목행119안전센터,충청북도 충주시 목행산단7로 9,37.0031607,127.9207534
충청북도,호암119안전센터,충청북도  충주시 호암대로 13,36.9592554,127.927926
충청북도,연수119안전센터,충청북도  충주시 동수10길 1,36.9828052,127.9353325
충청북도,서충주119안전센터,충청북도  충주시 기업도시2로 30,37.0021725,127.8296836
충청북도,수안보119안전센터,충청북도  충주시 수안보면 관동길 9-7,36.8473188,127.9946265
충청북도,주덕119안전센터,충청북도  충주시 주덕읍 신양로 35,36.9711144,127.7910484
충청북도,앙성119안전센터,충청북도  충주시 앙성면 가곡로 1019,37.1086208,127.7522356
충청북도,의림지119안센터,충청북도 제천시 신죽하로 164,37.1606746,128.2127697
충청북도,화산119안전센터,충청북도  제천시 강명길 17,37.1186987,128.2038812
충청북도,봉양119안전센터,충청북도  제천시 봉양읍 북부로1433,37.1315825,128.1285948
충청북도,보은119안전센터,충청북도 보은군 보은읍 남부로 4415,36.4771291,127.7220888
충청북도,속리산119안전센터,충청북도  보은군 속리산면 법주사로 278,36.5317388,127.8237611
충청북도,구병산119안전센터,충청북도  보은군 마로면 관기송현로 48,36.4366259,127.8144189
충청북도,옥천119안전센터,충청북도 옥천군 옥천읍 중앙로 132,36.3071523,127.5747833
충청북도,청산119안전센터,충청북도  옥천군 청산면 남부로 2306,36.3448694,127.7812415
충청북도,영동119안전센터,충청북도 영동군 영동읍 영동황간로 174,36.1656518,127.7891967
충청북도,황간119안전센터,충청북도  영동군 황간면 황간로 132,36.2352034,127.903829
충청북도,학산119안전센터,충청북도  영동군 학산면 서산로 92,36.0996728,127.6858483
충청북도,증평119안전센터,충청북도  증평군 충청대로 1789,36.7877508,127.5837837
충청북도,진천119안전센터,충청북도 진천군 진천읍 진광로 93,36.87250270000001,127.441093
충청북도,덕산119안전센터,충청북도 진천군 덕산읍 초금로 606-1,36.8991861,127.5107411
충청북도,광혜원119안전센터,충청북도 진천군 광혜원면 화랑길 99,36.9918018,127.4366227
충청북도,괴산119안전센터,충청북도 괴산군 괴산읍 괴강로 69,36.807507,127.8015184
충청북도,청천119안전센터,충청북도  괴산군 청천면 선평길 78-9,36.6580908,127.7342579
충청북도,금왕119안전센터,충청북도 음성군 금왕읍 응천서길 11,36.9894151,127.5953374
충청북도,음성119안전센터,충청북도  음성군 음성읍 음성로 122,36.9303016,127.6785253
충청북도,대소119안전센터,충청북도  음성군 대소면 오산로 74,36.969534,127.4859626
충청북도,감곡119안전센터,충청북도  음성군 감곡면 음성로 2652,37.1122537,127.643576
충청북도,삼성119안전센터,충청북도  음성군 삼성면 금일로 831,37.0164864,127.5031668
충청북도,단양119안전센터,충청북도 단양군 단양읍 삼봉로 421-56,36.988953,128.3566845
충청북도,매포119안전센터,충청북도  단양군 매포읍 평동4로 79,37.0310871,128.2948295
충청북도,옥산119안전센터 ,충청북도 청주시 흥덕구 오송가락로 1015,36.6570985,127.3698431
충청남도,두마119안전센터,충청남도 계룡시 두마면 사계로 170,36.2621982,127.2747058
충청남도,엄사119안전센터,충청남도 계룡시 엄사면 문화로 32,36.2742233,127.2334978
충청남도,계룡119안전센터,충청남도 공주시 계룡면 월암송정길 18,36.3613831,127.1414597
충청남도,동학사119안전센터,충청남도 공주시 반포면 동학사1로 110,36.3637323,127.2540194
충청남도,신관119안전센터,충청남도 공주시 의당로 31,36.4750536,127.1299341
충청남도,웅진119안전센터,충청남도 공주시 무령로 55,36.4593949,127.1079385
충청남도,유구119안전센터,충청남도 공주시 유구읍 유구외곽로 368,36.5399606,126.9459852
충청남도,정안119안전센터,충청남도 공주시 정안면 광정장터길 18,36.6087403,127.1225176
충청남도,금산119안전센터,충청남도 금산군 금산읍 삼풍로 2,36.099925,127.480209
충청남도,복진119안전센터,충청남도 금산군 진산면 읍내로 47-1,36.1431591,127.3684376
충청남도,추부119안전센터,충청남도 금산군 추부면 삼육로 47,36.1939159,127.4683093
충청남도,강경119안전센터,충청남도 논산시 강경읍 동안로 3,36.1578641,127.0180408
충청남도,내동119안전센터,충청남도 논산시 대학로 17,36.1780839,127.1004151
충청남도,반월119안전센터,충청남도 논산시 해월로 155,36.2045483,127.08421
충청남도,연무119안전센터,충청남도 논산시 연무읍 동안로 1137,36.1265252,127.1282729
충청남도,연산119안전센터,충청남도 논산시 연산면 관창로 54,36.2124005,127.1828645
충청남도,기지시119안전센터,충청남도 당진시 송악읍 틀모시로 844,36.9083593,126.6907576
충청남도,당진119안전센터,충청남도 당진시 역천로 838,36.8857656,126.6178842
충청남도,석문119안전센터,충청남도 당진시 석문면 보덕포로 1069-21,36.9851242,126.5887011
충청남도,송악119안전센터,충청남도 당진시 송악읍 송악로 1019,36.960041,126.7683569
충청남도,신평119안전센터,충청남도 당진시 신평면 신평길 133,36.8810413,126.7770871
충청남도,합덕119안전센터,충청남도 당진시 우강면 중방로 2,36.8129046,126.7665166
충청남도,명천119안전센터,충청남도 보령시 성주산로 63,36.3333148,126.608325
충청남도,신흑119안전센터,충청남도 보령시 대천항로 205,36.3166738,126.5143059
충청남도,오천119안전센터,충청남도 보령시 오천면 충청수영로 701,36.4370937,126.5302987
충청남도,웅천119안전센터,충청남도 보령시 웅천읍 충서로 947,36.2351434,126.5971764
충청남도,주포119안전센터,충청남도 보령시 주포면 질재로 47-16,36.4152709,126.5874904
충청남도,백제119안전센터,충청남도 부여군 규암면 계백로 17,36.2749502,126.8822541
충청남도,사비119안전센터,충청남도 부여군 부여읍 쌍북리 184-11,36.2858677,126.9270107
충청남도,외산119안전센터,충청남도 부여군 외산면 만수로 235,36.3020659,126.7059219
충청남도,임천119안전센터,충청남도 부여군 임천면 성흥로179번길 1,36.1840783,126.896541
충청남도,홍산119안전센터,충청남도 부여군 홍산면 북촌리 229-2,36.2183164,126.7554433
충청남도,대산119안전센터,충청남도 서산시 대산읍 망일산로 831-15,36.9409508,126.4395364
충청남도,동부119안전센터,충청남도 서산시 학동3로 52,36.7899069,126.4596028
충청남도,부석119안전센터,충청남도 서산시 부석면 강경벌로 10,36.7174841,126.3936674
충청남도,성연119안전센터,충청남도 서산시 성연면 성연5로 92-31,36.8259907,126.4471686
충청남도,예천119안전센터,충청남도 서산시 호수공원 14로 26-4,36.7733243,126.4451849
충청남도,해미119안전센터,충청남도 서산시 해미면 성지3길 29,36.7098653,126.5428305
충청남도,비인119안전센터,충청남도 서천군 비인면 비인로 141,36.1383047,126.6052557
충청남도,서면119안전센터,충청남도 서천군 서면 부사로 153,36.1631745,126.5316199
충청남도,서천119안전센터,충청남도 서천군 서천읍 충절로49번길 33-8,36.0768686,126.6885968
충청남도,장항119안전센터,충청남도 서천군 장항읍 장항로 37,36.0134973,126.6829266
충청남도,판교119안전센터,충청남도 서천군 판교면 대백제로 1953-24,36.1578241,126.6898158
충청남도,한산119안전센터,충청남도 서천군 한산면 충절로 1164,36.0832474,126.8063902
충청남도,둔포119안전센터,충청남도 아산시 충무로 1848,36.9314027,127.0428258
충청남도,모종119안전센터,충청남도 아산시 모종로 77,36.7860413,127.0257382
충청남도,배방119안전센터,충청남도 아산시 배방읍 배방로 38,36.7711814,127.0617795
충청남도,신창119안전센터,충청남도 아산시 신창면 순천향로 48,36.7713962,126.9352517
충청남도,인주119안전센터,충청남도 아산시 인주면 공세길 19,36.8804474,126.9100199
충청남도,장재119안전센터,충청남도 아산시 배방읍 용연로 88,36.789021,127.0905809
충청남도,탕정119안전센터,충청남도 아산시 탕정면 탕정면로 26,36.7984883,127.0599896
충청남도,금오119안전센터,충청남도 예산군 예산읍 예당관광로 760,36.6785185,126.8271365
충청남도,덕산119안전센터,충청남도 예산군 덕산면 도청대로 1160,36.7048889,126.6731078
충청남도,삽교119안전센터,충청남도 예산군 삽교읍 삽교로1길 34,36.6889897,126.7382549
충청남도,오가119안전센터,충청남도 예산군 오가면 오가중앙로 111,36.6866027,126.8018306
충청남도,구성119안전센터,충청남도 천안시 동남구 천안대로 580,36.7998265,127.1649735
충청남도,독립119안전센터,충청남도 천안시 동남구 목천읍 독립기념관로 1,36.782478,127.2244077
충청남도,병천119안전센터,충청남도 천안시 동남구 병천면 아우내순대길 78,36.7642581,127.3008777
충청남도,청당119안전센터,충청남도 천안시 동남구 청수14로 91,36.7857906,127.1561825
충청남도,풍세119안전센터,충청남도 천안시 동남구 풍세면 풍세로 89,36.7225216,127.1197438
충청남도,두정119안전센터,충청남도 천안시 서북구 1공단2길 13,36.8277388,127.1462554
충청남도,불당119안전센터,충청남도 천안시 서북구 불당23로 62,36.8178853,127.1077352
충청남도,서부119안전센터,충청남도 천안시 서북구 양지18길 22,36.8122627,127.1387924
충청남도,성거119안전센터,충청남도 천안시 서북구 성거읍 천흥8길 11,36.8832934,127.2079004
충청남도,성환119안전센터,충청남도 천안시 서북구 성환읍 성환1로 395,36.92768119999999,127.1312032
충청남도,쌍용119안전센터,충청남도 천안시 서북구 월봉로 78,36.7975971,127.1182851
충청남도,입장119안전센터,충청남도 천안시 서북구 입장면 망향로 1107,36.9090913,127.2272915
충청남도,직산119안전센터,충청남도 천안시 서북구 직산읍 직산로 246,36.8964242,127.1657155
충청남도,차암119안전센터,충청남도 천안시 서북구 직산읍 4산단2길 32,36.8626391,127.1161567
충청남도,정산119안전센터,충청남도 청양군 정산면 서정4길 49,36.416632,126.9479318
충청남도,청양119안전센터,충청남도 청양군 청양읍 충절로 1187,36.4511762,126.7922524
충청남도,근흥119안전센터,충청남도 태안군 근흥면 신진대교길 201-8,36.6824684,126.1474138
충청남도,안면119안전센터,충청남도 태안군 안면읍 장터로 77,36.5158649,126.3481018
충청남도,원북119안전센터,충청남도 태안군 원북면 원이로 1031,36.8357801,126.2724162
충청남도,태안119안전센터,충청남도 태안군 태안읍 동백로 100,36.7579061,126.2861455
충청남도,갈산119안전센터,충청남도 홍성군 갈산면 갈산로150번길 16,36.5999311,126.5542663
충청남도,광천119안전센터,충청남도 홍성군 광천읍 충서로 354,36.5139754,126.6224449
충청남도,구룡119안전센터,충청남도 홍성군 홍성읍 충절로 741,36.5852222,126.6956813
충청남도,내포119안전센터,충청남도 홍성군 홍북읍 의향로 133,36.6473323,126.6770198
충청남도,옥암119안전센터,충청남도 홍성군 홍성읍 충서로 1258,36.5888484,126.6575069
전라북도,효자119안전센터,전북특별자치도 전주시 완산구 거마평로 73,35.7990553,127.1164744
전라북도,서부119안전센터,전북특별자치도 전주시 완산구 우전로 228,35.8149058,127.1022724
전라북도,교동119안전센터,전북특별자치도 전주시 완산구 경기전길 183,35.8111982,127.151702
전라북도,서신119안전센터,전북특별자치도 전주시 완산구 전룡로 138,35.8276659,127.1212068
전라북도,평화119안전센터,전북특별자치도 전주시 완산구 평화로 105,35.7862464,127.1338663
전라북도,금암119안전센터,전북특별자치도 전주시 덕진구 백제대로 611,35.842221,127.136479
전라북도,아중119안전센터,전북특별자치도 전주시 덕진구 진버들4길 16,35.8359807,127.1638142
전라북도,팔복119안전센터,전북특별자치도 전주시 덕진구 온고을로 430,35.8505928,127.0823001
전라북도,전미119안전센터,전북특별자치도 전주시 덕진구 과학로 144,35.8818202,127.1287136
전라북도,사정119안전센터,전북특별자치도 군산시 번영로 308 ,35.9626618,126.7509233
전라북도,금동119안전센터,전북특별자치도 군산시 군산창길 1,35.9897327,126.7072483
전라북도,항만119안전센터,전북특별자치도 군산시 외항로 436,35.9663178,126.6217737
전라북도,비응119안전센터,전북특별자치도 군산시 새만금북로 43,35.9438629,126.5410806
전라북도,지곡119안전센터,전북특별자치도 군산시 백토로 223,35.9590918,126.7047869
전라북도,내흥119안전센터,전북특별자치도 군산시 구암3.1로 147,35.9817114,126.7355189
전라북도,산북119안전센터,전북특별자치도 군산시 산북로 71-11,35.9601705,126.6721756
전라북도,대야119안전센터,전북특별자치도 군산시 대야면 대야관통로 5,35.9428748,126.8065767
전라북도,팔봉119안전센터,전북특별자치도 익산시 무왕로 1338,35.9622038,127.005141
전라북도,신동119안전센터,전북특별자치도 익산시 인북로 397,35.9635393,126.9628176
전라북도,공단119안전센터,전북특별자치도 익산시 선화로 429,35.9471329,126.976991
전라북도,인화119안전센터,전북특별자치도 익산시 목천로 301,35.9282855,126.9545263
전라북도,모현119안전센터,전북특별자치도 익산시 배산로 181,35.9537362,126.9417668
전라북도,함열119안전센터,전북특별자치도 익산시 함열읍 함열중앙로 133,36.076093,126.9720256
전라북도,금마119안전센터,전북특별자치도 익산시 금마면 미륵사지로 130,35.9978276,127.0476535
전라북도,하북119안전센터,전북특별자치도 정읍시 서부산업도로 507-5,35.5899028,126.8601521
전라북도,시기119안전센터,전북특별자치도 정읍시 정읍남로 1421,35.5577786,126.8573866
전라북도,신태인119안전센터,전북특별자치도 정읍시 신태인읍 정신로 1241,35.6913737,126.8781427
전라북도,영원119안전센터,전북특별자치도 정읍시 영원면 영원로 1048,35.6521772,126.7841402
전라북도,칠보119안전센터,전북특별자치도 정읍시 칠보면 태산로 2165 ,35.6048847,126.9933571
전라북도,식정119안전센터,전북특별자치도 남원시 요천로 1965,35.4367792,127.4167374
전라북도,인월119안전센터,전북특별자치도 남원시 인월면 황산로 1828,35.4659236,127.6177535
전라북도,금지119안전센터,전북특별자치도 남원시 금지면 요천로 43,35.3135622,127.2985715
전라북도,교동119안전센터,전북특별자치도 김제시 벽성로 278,35.7988021,126.8700867
전라북도,검산119안전센터,전북특별자치도 김제시 두월로 384,35.7961499,126.9048846
전라북도,만경119안전센터,전북특별자치도 김제시 만경읍 두릉길 49,35.8538365,126.8192374
전라북도,금산119안전센터,전북특별자치도 김제시 금산면 금산사로 29,35.7195809,126.9945873
전라북도,봉동119안전센터,전북특별자치도 완주군 삼례읍 삼봉로 518,35.9207118,127.0968502
전라북도,삼례119안전센터,전북특별자치도 완주군 삼례읍 삼례역로 27,35.9089281,127.0704261
전라북도,고산119안전센터,전북특별자치도 완주군 고산면 고산로 49,35.9760042,127.2026668
전라북도,혁신119안전센터,전북특별자치도 완주군 이서면 지사제2로 12,35.83215,127.023527
전라북도,구이119안전센터,전북특별자치도 완주군 구이면 구이로 1475-5,35.7315039,127.117698
전라북도,진안119안전센터,전북특별자치도 진안군 진안읍 쇠징계로 9,35.7989317,127.4353753
전라북도,마령119안전센터,전북특별자치도 진안군 마령면 임진로 2077-24,35.7317536,127.3697472
전라북도,무주119안전센터,전북특별자치도 무주군 무주읍 당산강변로 126,36.0027776,127.6549529
전라북도,구천동119안전센터,전북특별자치도 무주군 설천면 구천동1로 54,35.90327260000001,127.7768569
전라북도,장계119안전센터,전북특별자치도 장수군 장계면 육십령로 136,35.7323076,127.5896211
전라북도,장수119안전센터,전북특별자치도 장수군 장수읍 호비로 42,35.6498965,127.5213713
전라북도,임실119안전센터,전북특별자치도 임실군 임실읍 감천로 33,35.6106421,127.2891148
전라북도,순창119안전센터,전북특별자치도 순창군 순창읍 교성로 24,35.3721734,127.1337458
전라북도,고창119안전센터,전북특별자치도 고창군 고창읍 녹두로 1294,35.4328162,126.6879103
전라북도,무장119안전센터,전북특별자치도 고창군 무장면 무장남북로 20-5,35.4165334,126.5616012
전라북도,흥덕119안전센터,전북특별자치도 고창군 흥덕면 문화2길 21,35.5172985,126.7032533
전라북도,대산119안전센터,전북특별자치도 고창군 대산면 공음대산로 932,35.33995170000001,126.5983309
전라북도,부안119안전센터,전북특별자치도 부안군 행안면 변산로 86,35.7297635,126.7119841
전라북도,격포119안전센터,전북특별자치도 부안군 변산면 격포항길 64-17,35.620042,126.4705551
전라남도,하당119안전센터,전라남도 목포시 삼향천로 110,34.8098706,126.4302501
전라남도,호남119안전센터,전라남도  목포시 영산로 165,34.7970857,126.3879731
전라남도,경동119안전센터,전라남도  목포시 유동로 42번길 1,34.7856062,126.3806878
전라남도,삼학119안전센터,전라남도 목포시 삼학로 218,34.7901637,126.406701
전라남도,연산119안전센터,전라남도 목포시 산정공단로 64,34.8189663,126.3778901
전라남도,학동119안전센터,전라남도 여수시 망마로 20,34.7598998,127.665184
전라남도,평여119안전센터,전라남도 여수시 여수산단로 321(평여동),34.8099392,127.6814461
전라남도,소라119안전센터,전라남도 여수시 소라면 여순로 297,34.8310167,127.6145224
전라남도,연등119안전센터,전라남도 여수시 좌수영로 162(연등동),34.745588,127.7296601
전라남도,여서119안전센터,전라남도 여수시 문수로 131(문수동),34.7565272,127.708082
전라남도,봉산119안전센터,전라남도 여수시 어항단지로 222-5(남산동),34.7337969,127.7313708
전라남도,돌산119안전센터,전라남도 여수시 돌산읍 강남로 34,34.71868,127.7501632
전라남도,서면119안전센터,전라남도 순천시 서면 삼산로 281,34.9867276,127.5040137
전라남도,저전119안전센터,전라남도 순천시 중앙로 19,34.9480568,127.4865321
전라남도,왕조119안전센터,전라남도 순천시 기적의도서관1길 30,34.9526495,127.5247881
전라남도,연향119안전센터,전라남도 순천시 연향1로 26,34.9446916,127.5171299
전라남도,승주119안전센터,전라남도 순천시 승주읍 승평길 19-17,35.0194536,127.3730317
전라남도,해룡119안전센터,전라남도 순천시 해룡면 율촌산단5로 17,34.8917223,127.5865151
전라남도,신대119안전센터,전라남도 순천시 해룡면 매안로142,34.9363879,127.5509536
전라남도,경현119안전센터,전라남도 나주시 예향로 4201,35.0277395,126.7098869
전라남도,이창119안전센터,전라남도 나주시 이창택지길 6-13,34.9949697,126.7064742
전라남도,남평119안전센터,전라남도 나주시 남평읍 지석로 106,35.0414149,126.8461835
전라남도,빛가람119안전센터,전라남도 나주시 그린로 296,35.0131698,126.7959859
전라남도,중마119안전센터,전라남도 광양시 중마중앙로 109,34.9400027,127.6976551
전라남도,금호119안전센터,전라남도 광양시 희망길 12-12(금호동),34.9364172,127.7254686
전라남도,광양119안전센터,전라남도 광양시 광양읍 서변천로 175,34.9602247,127.6038588
전라남도,광영119안전센터,전라남도 광양시 금영로 87(광영동),34.9587188,127.7204192
전라남도,담양119안전센터,전라남도 담양군 담양읍 추성로 1232,35.3181825,126.9735758
전라남도,고서119안전센터,전라남도 고서면 창평헌로 398,35.2270369,126.9946003
전라남도,곡성119안전센터,전라남도 곡성군 곡성읍 학교로 7,35.2771957,127.2893488
전라남도,옥과119안전센터,전라남도 곡성군 옥과면 리문6길 29,35.274432,127.1374918
전라남도,구례119안전센터,전라남도 구례군 구례읍 양정4길 37,35.2023109,127.4700227
전라남도,고흥119안전센터,전라남도 고흥군 풍양면 고흥로 1330,34.5812809,127.2560058
전라남도,도양119안전센터,전라남도 고흥군 도양읍 녹동신항5길 4,34.5259302,127.1412749
전라남도,과역119안전센터,전라남도 고흥군 과역면 과역로 974,34.6836067,127.3717343
전라남도,나로119안전센터,전라남도 고흥군 봉래면 나로도항길 13,34.4632642,127.4588122
전라남도,벌교119안전센터,전라남도 보성군 벌교읍 녹색로 5247,34.8384489,127.3153987
전라남도,보성119안전센터,전라남도 보성군 보성읍 송재로 235,34.7755392,127.0841781
전라남도,홍교119안전센터,전라남도 보성군 벌교읍 홍암로 116-4,34.8466684,127.3542602
전라남도,화순119안전센터,전라남도 화순군 화순읍 학포로 2750,35.0505588,126.9715449
전라남도,능주119안전센터,전라남도 화순군 능주면 지석로 1428,34.9960314,126.9499953
전라남도,동복119안전센터,전라남도 화순군 동복면 천변길 7,35.0699814,127.1273572
전라남도,장흥119안전센터,전라남도 장흥군 장흥읍 북부로 138,34.68850580000001,126.9155035
전라남도,정남진119안전센터,전라남도 장흥군 관산읍 관산우회로 103,34.5649369,126.935243
전라남도,강진119안전센터,전라남도 강진군 군동면 중앙로 223,34.6432386,126.7804306
전라남도,성전119안전센터,전라남도 강진군 성전면 강진산단로1길 23,34.6792676,126.737771
전라남도,해남119안전센터,전라남도 해남군 해남읍 교육청길 82,34.5662483,126.6078363
전라남도,땅끝119안전센터,전라남도 해남군 송지면 미야길 237-3,34.3781312,126.5220922
전라남도,삼호119안전센터,전라남도 영암군 삼호읍 나불로 192,34.7668056,126.4392366
전라남도,영암119안전센터,전라남도 영암군 영암읍 월출로 46,34.79828940000001,126.6860035
전라남도,신북119안전센터,전라남도 영암군 신북면 아이랑로 52,34.892335,126.689911
전라남도,무안119안전센터,전라남도 무안군 무안읍 공항로 133,34.994905,126.4629161
전라남도,일로119안전센터,전라남도 무안군 일로읍 삼일로 493-1,34.8512824,126.4902639
전라남도,해제119안전센터,전라남도 무안군 해제면 현해로 1621,35.1124989,126.3010893
전라남도,남악119안전센터,전라남도 무안군 삼향읍 남악5로72번길81-18,34.8114292,126.4825763
전라남도,청계119안전센터,전라남도 무안군 청계면 백려동2길 14-13,34.9074048,126.4230469
전라남도,함평119안전센터,전라남도 함평군 대동면 학동로 386,35.0603585,126.5393103
전라남도,나산119안전센터,전라남도 함평군 나산면 함장로 2786,35.1454053,126.6048221
전라남도,영광119안전센터,전라남도 영광군 영광읍 함영로 3508,35.2627755,126.5092845
전라남도,홍농119안전센터,전라남도 영광군 홍농읍 홍농로 543,35.4023881,126.4489909
전라남도,장성119안전센터,전라남도 장성군 장성읍 단풍로 204,35.320638,126.7999486
전라남도,삼계119안전센터,전라남도 장성군 삼계면 영장로 1632,35.2550931,126.667239
전라남도,완도119안전센터,전라남도 완도군 농공단지길 7,34.3385447,126.7290599
전라남도,고금119안전센터,전라남도 완도군 고금면 고금동로 266,34.4028737,126.8252893
전라남도,진도119안전센터,전라남도 진도군 진도읍 진도대로 6935,34.4722355,126.24674
전라남도,임회119안전센터,전라남도 진도군 임회면 십일시장길 34,34.4118796,126.1929014
전라남도,신안119안전센터,전라남도 신안군 암태면 승봉로 17,34.8207261,126.0890247
전라남도,지도119안전센터,전라남도 신안군 지도읍 해제지도로 1304,35.0587891,126.2049504
경상북도,압량119안전센터,경상북도 경산시 압량읍 김유신로 12,35.8383559,128.7696623
경상북도,자인119안전센터,경상북도 경산시 자인면 금학로 25-11,35.8214853,128.8261691
경상북도,중산119안전센터,경상북도 경산시 펜타힐즈4로 1,35.8308352,128.7196302
경상북도,중앙119안전센터,경상북도 경산시 장산로 143,35.8187003,128.7407718
경상북도,진량119안전센터,경상북도 경산시 진량읍 공단2로 72,35.8713139,128.8268548
경상북도,하양119안전센터,경상북도 경산시 하양읍 대경로 793,35.9151469,128.8257451
경상북도,감포119안전센터,경상북도 경주시 감포읍 동해안로 2153,35.7929726,129.4978892
경상북도,건천119안전센터,경상북도 경주시 건천읍 내서로 1065,35.8529374,129.1000878
경상북도,동부119안전센터,경상북도 경주시 중앙로 59,35.8451249,129.2113715
경상북도,보문119안전센터,경상북도 경주시 경감로 587-8,35.8349047,129.287131
경상북도,불국사119안전센터,경상북도 경주시 불국신택지4길 4,35.7839443,129.3273631
경상북도,안강119안전센터,경상북도 경주시 안강읍 안강중앙로 146,35.9932357,129.2161201
경상북도,외동119안전센터,경상북도 경주시 외동읍 입실로1길 78-15,35.716864,129.3272744
경상북도,용황119안전센터,경상북도 경주시 공단로 25,35.8753109,129.2171205
경상북도,황오119안전센터,경상북도 경주시 알천남로 276,35.8441721,129.2282122
경상북도,다산119안전센터,경상북도 고령군 다산면 다산로 506,35.8171697,128.4332268
경상북도,대가야119안전센터,경상북도 고령군 대가야읍 벽화길 18,35.723747,128.2688848
경상북도,고아119안전센터,경상북도 구미시 고아읍 선산대로 821,36.1995932,128.339494
경상북도,공단119안전센터,경상북도 구미소방서 수출대로112,36.1101023,128.3762599
경상북도,봉곡119안전센터,경상북도 구미시 봉곡동로 48,36.1546664,128.3153208
경상북도,상림119안전센터,경상북도 구미시 상림로 45,36.090032,128.3603655
경상북도,선산119안전센터,경상북도 구미시 선산읍 선산대로 1400-13,36.2394107,128.3049945
경상북도,송정119안전센터,경상북도 구미시 백산로 207,36.1142505,128.3510348
경상북도,옥계119안전센터,경상북도 구미시 산동읍 산호대로41길 4 ,36.1388967,128.4394281
경상북도,원평119안전센터,경상북도 구미시 산업로 174,36.1286479,128.3406085
경상북도,인동119안전센터,경상북도 구미시 이계북로 147,36.1061239,128.4184798
경상북도,해평119안전센터,경상북도 구미시 해평면 강동로 1663 ,36.1988496,128.3911095
경상북도,다수119안전센터,경상북도 김천시 영남대로 1246,36.1273979,128.0728859
경상북도,대광119안전센터,경상북도 김천시 공단로 152-36,36.1484271,128.1379978
경상북도,아포119안전센터,경상북도 김천시 아포읍 아포공단길 45,36.1665396,128.2548041
경상북도,양금119안전센터,경상북도 김천시 강변로 219,36.1068142,128.1227278
경상북도,율곡119안전센터,경상북도 김천시 혁신7로 46,36.12559390000001,128.1760937
경상북도,지례119안전센터,경북 김천시 지례면 장터길 115,35.99016050000001,128.0306339
경상북도,가은119안전센터,경상북도 문경시 가은읍 가은로 126,36.6422126,128.0626813
경상북도,모전119안전센터,경상북도 문경시 모전로 173,36.5961329,128.1880006
경상북도,문경119안전센터,경상북도 문경시 문경읍 새재로 501,36.7347261,128.1024644
경상북도,점촌119안전센터,경상북도 문경시 중앙로 305,36.6102878,128.2097728
경상북도,명호119안전센터,경상북도 봉화군 명호면 도천길 18-46,36.8582434,128.9017816
경상북도,봉화119안전센터,경상북도 봉화군 봉화읍 내성천3길 152,36.8921656,128.7151613
경상북도,춘양119안전센터,경상북도 봉화군 춘양면 소천로 22,36.9218136,128.9208758
경상북도,만산119안전센터,경상북도 상주시 경상대로 3203-11,36.4156486,128.1593222
경상북도,청리119안전센터,경상북도 상주시 청리면 마공공단로152,36.3185217,128.1261462
경상북도,함창119안전센터,경상북도 상주시 함창읍 가야로46-1,36.5666001,128.1783887
경상북도,화서119안전센터,경상북도 상주시 화서면 상현무동길5,36.446198,127.9481007
경상북도,가천119안전센터,경상북도 성주군 가천면 가천로 3,35.8946374,128.1592545
경상북도,선남119안전센터,경상북도 성주군 선남면 도성3길 39-17,35.8823797,128.3667366
경상북도,성주119안전센터,경상북도 성주군 성주읍 주산로 193,35.9341208,128.3047972
경상북도,도산119안전센터,경상북도 안동시 도산면 퇴계로 2171,36.7103735,128.8244802
경상북도,법흥119안전센터,경상북도 안동시 육사로 301,36.5610389,128.7373978
경상북도,영양119안전센터,경북 영양군 영양읍 군민회관길 42-14,36.6596147,129.1165135
경상북도,옥동119안전센터,경상북도 안동시 광명로85,36.5587058,128.6942613
경상북도,용상119안전센터,경상북도 안동시 마들6길 27,36.5507674,128.7617897
경상북도,입암119안전센터,경상북도 영양군 입암면 입암로 153,36.598171,129.0872039
경상북도,풍산119안전센터,경상북도 안동시 풍산읍 풍산태사로 1162,36.5804603,128.5818552
경상북도,강구119안전센터,경상북도 영덕군 강구면 강산로 38,36.3513984,129.3748125
경상북도,영덕119안전센터,경상북도 영덕군 영덕읍 경동로 8401,36.4167134,129.3710654
경상북도,영해119안전센터,경상북도 영덕군 영해면 창수영해로 481,36.5424095,129.3956388
경상북도,가흥119안전센터,경상북도 영주시 선비로 181,36.8207764,128.61904
경상북도,문수119안전센터,경상북도 영주시 문수면 적서로 448번길 17,36.7917109,128.6330707
경상북도,풍기119안전센터,경상북도 영주시 풍기읍 기주로 159,36.8732002,128.5191312
경상북도,금호119안전센터,경상북도 영천시 금호읍 오계공단길 5,35.9138318,128.8876892
경상북도,남부119안전센터,경상북도 영천시 한방로 176,35.9389952,128.9471757
경상북도,동부119안전센터,경상북도 영천시 호국로 187,35.9777486,128.9580925
경상북도,신녕119안전센터,경상북도 영천시 신녕면 어릿골길 11,36.0438628,128.7788328
경상북도,도청119안전센터,경상북도 예천군 호명면 도청대로 19,36.575823,128.4679486
경상북도,예천119안전센터,경상북도 예천군 예천읍 양궁로 61-12,36.6480301,128.4634092
경상북도,지보119안전센터,경상북도 예천군 지보면 지보로 247,36.5385464,128.3827879
경상북도,북면119안전센터,경상북도 울진군 북면 장터길 69,37.1027548,129.3752616
경상북도,온정119안전센터,경상북도 울진군 온정면 백암온천로 1315,36.721202,129.3475484
경상북도,울진119안전센터,경상북도 울진군 울진읍 울진북로 508,36.9935068,129.3946218
경상북도,죽변119안전센터,경상북도 울진군 죽변면 하죽로 1841,37.05439860000001,129.4135144
경상북도,후포119안전센터,경상북도 울진군 후포면 실배길 28-1,36.689151,129.4450716
경상북도,봉양119안전센터,경상북도 의성군 봉양면 경북대로 4741,36.3099901,128.5989256
경상북도,안계119안전센터,경상북도 의성군 안계면 안계길 100,36.3828004,128.4412126
경상북도,의성119안전센터,경상북도 의성군 의성읍 홍술로 187,36.3581881,128.6990627
경상북도,금천119안전센터,경상북도 청도군 금천면 청려로 4363,35.6900416,128.8952931
경상북도,청도119안전센터,경상북도 청도군 청도읍 중앙로 192-34,35.6483008,128.7632782
경상북도,풍각119안전센터,경상북도 청도군 풍각면 송서로 64,35.6389662,128.617798
경상북도,진보119안전센터,경상북도 청송군 진보면 청송로 6346,36.5212398,129.0396041
경상북도,청송119안전센터,경상북도 청송군 청송읍 굿바들길 19,36.4219386,129.058949
경상북도,가산119안전센터,경상북도 칠곡군 가산면 다부원1길 57,36.0458447,128.5203611
경상북도,금산119안전센터,경상북도 칠곡군 왜관읍 공단로 194,35.967825,128.4171239
경상북도,동명119안전센터,경상북도 칠곡군 동명면 한티로 216,35.9803335,128.5773433
경상북도,북삼119안전센터,경상북도 칠곡군 북삼읍 안산2길 46,36.0668421,128.3374294
경상북도,석적119안전센터,경상북도 칠곡군 석적읍 유학로 140,36.0734455,128.4239377
경상북도,왜관119안전센터,경상북도 칠곡군 기산면 칠곡대로 1216,35.9897132,128.3873311
경상북도,지천119안전센터,경상북도 칠곡군 지천면 신동로 85,35.9563294,128.4855419
경상북도,구룡포119안전센터,경상북도 포항시 남구 구룡포읍 호미로 265,35.99104,129.5594153
경상북도,연일119안전센터,경상북도 포항시 남구 연일읍 철강로 10,35.991811,129.3440963
경상북도,오천119안전센터,경상북도 포항시 남구 오천읍 해병로 369,35.9627603,129.4095309
경상북도,울릉119안전센터,경상북도 울릉군 울릉읍 울릉순환로 415,37.4877326,130.896483
경상북도,일월119안전센터,경상북도 포항시 남구 동해안로 5890,35.9934702,129.4186197
경상북도,제철119안전센터,경상북도 포항시 남구 철강로 360,35.9784055,129.3782425
경상북도,해도119안전센터,경상북도 포항시 남구 중앙로 118,36.0236401,129.368707
경상북도,효자119안전센터,경상북도 포항시 남구 지곡로212번길 45,36.0294148,129.3255318
경상북도,기계119안전센터,경상북도 포항시 북구 기계면 기계로 371,36.0849564,129.1821542
경상북도,덕산119안전센터,경상북도 포항시 북구 중앙로 332,36.0425236,129.3660904
경상북도,두호119안전센터,경상북도 포항시 북구 삼호로 505,36.0727733,129.3979517
경상북도,장량119안전센터,경상북도 포항시 북구 법원로 158,36.0887651,129.3876998
경상북도,청하119안전센터,경상북도 포항시 북구 청하면 청하로 267,36.191977,129.3402544
경상북도,흥해119안전센터,경상북도 포항시 북구 흥해읍 중성로 67,36.1091901,129.3504666
경상남도,거제119안전센터,경남 거제시 거제면 거제남서로 3429,34.8472935,128.5890497
경상남도,남부119안전센터,경남 거제시 남부면 저구해안길16,34.7357748,128.605363
경상남도,사등119안전센터,경남 거제시 사등면 덕호해안길 63,34.8794714,128.4764328
경상남도,신현119안전센터, 경남 거제시 계룡로 52,34.8758292,128.6268826
경상남도,연초119안전센터,경남 거제시 연초면 거제북로1,34.9122135,128.6526853
경상남도,옥포119안전센터,경남 거제시 진목로 1,34.8960924,128.6862977
경상남도,장승포119안전센터,경남 거제시 능포로 77,34.8713449,128.7290133
경상남도,가조119안전센터,경남 거창군 가조면 마상3길 32,35.7115031,128.0164097
경상남도,대평119안전센터,경남 거창군 거창읍 거함대로 3324,35.6776387,127.9231687
경상남도,위천119안전센터,경남 거창군 위천면 원학길 321,35.7492534,127.8326633
경상남도,거류119안전센터,경남 고성군 봉암1길 9,35.0011282,128.4030312
경상남도,고성119안전센터,경남 고성군 남해안대로 2670,34.980939,128.3307918
경상남도,회화119안전센터,경남 고성군 영회로 2211,35.0586384,128.3666222
경상남도,내외119안전센터,김해시 내외로 77,35.2349743,128.8654878
경상남도,대동119안전센터,김해시 대동면 동남로 41번길 19,35.2353324,128.9930053
경상남도,동상119안전센터,김해시 구지로 179,35.2387858,128.8828882
경상남도,북부119안전센터,김해시 해반천로 166,35.2629016,128.867528
경상남도,삼정119안전센터,김해시 김해대로 2507,35.2287445,128.9011476
경상남도,상동119안전센터,김해시 상동면 상동로 637,35.3120087,128.9378313
경상남도,생림119안전센터,김해시 생림면 봉림로 106,35.333683,128.847311
경상남도,율하119안전센터,김해시 율하4로 112,35.1763319,128.8237248
경상남도,장유119안전센터,김해시 번화2로 12,35.1902371,128.8063887
경상남도,주촌119안전센터,김해시 주촌면 주선로 29,35.2349851,128.8454088
경상남도,진례119안전센터,김해시 진례면 서부로 730,35.2472356,128.7624228
경상남도,진영119안전센터,김해시 진영읍 장등로 4,35.3066373,128.7353654
경상남도,한림119안전센터,김해시 한림면 한림로 401번길 50,35.3231958,128.8003626
경상남도,남해119안전센터,경남 남해군 남해읍 스포츠로 81,34.8294336,127.8928522
경상남도,미조119안전센터,경남 남해군 미송로486번길 1,34.7250875,128.0255012
경상남도,삼동119안전센터, 경남 남해군 삼동면 동부대로 1795,34.8078265,128.0305058
경상남도,가곡119안전센터,경상남도 밀양시 용두로 5,35.4786457,128.7645468
경상남도,교동119안전센터,경상남도 밀양시 밀양대공원로 66,35.4999805,128.7586802
경상남도,무안119안전센터,경상남도 밀양시 무안면 사명로 541,35.47312429999999,128.6525251
경상남도,산동119안전센터,경상남도 밀양시 산외면 단산길 2,35.5106583,128.8398944
경상남도,삼랑진119안전센터,경상남도 밀양시 삼랑진읍 삼랑진로 16-5,35.3839242,128.8227194
경상남도,하남119안전센터,경상남도 밀양시 하남읍 명례로 108,35.3684544,128.7331323
경상남도,곤양119안전센터,경남 사천시 곤양면 곤북로 64,35.0555084,127.9542849
경상남도,사남119안전센터,경남 사천시 사남면 공단2로 53,35.0639493,128.0673062
경상남도,사천119안전센터,경남 사천시 무산로 21,35.0874751,128.0881052
경상남도,삼천포119안전센터,경남 사천시 동금로 51,34.9303598,128.085255
경상남도,단성119안전센터,경남 산청군 단성면 사직단로 447-8,35.2977563,127.9584639
경상남도,산청119안전센터,경남 산청군 산청읍 중앙로 76-7,35.4151147,127.8834709
경상남도,물금119안전센터,양산시 물금읍 물금리 800-8,35.3076149,128.9842867
경상남도,범어119안전센터,경남 양산시 황산로 719,35.3341748,129.0104419
경상남도,상북119안전센터,경남 양산시 상북면 석계로 37,35.4149072,129.0648169
경상남도,웅상119안전센터,경남 양산시 웅상대로 1120,35.3979399,129.1624153
경상남도,중부119안전센터,경남 양산시 양산역6길 27,35.3373058,129.0289614
경상남도,중앙119안전센터,경남 양산시 신기로 13,35.3521186,129.0424505
경상남도,평산119안전센터,경남 양산시 내연4길 9,35.3749628,129.1468451
경상남도,하북119안전센터,경남 양산시 양산대로 2255-38,35.4631768,129.0801989
경상남도,부림119안전센터,경남 의령군 부림면 대한로 1666,35.4635825,128.3147214
경상남도,의령119안전센터,경남 의령군 의령읍 의병로 108-17,35.3194987,128.2482458
경상남도,정곡119안전센터,경남 의령군 정곡면 의합대로 984-12,35.374081,128.3270479
경상남도,금산119안전센터,경남 진주시 송백로 477,35.2116441,128.1339411
경상남도,문산119안전센터,경남 진주시 문산읍 월아산로 979,35.1587148,128.163645
경상남도,상대119안전센터,경남 진주시 동진로 249,35.1804688,128.1185428
경상남도,정촌119안전센터,경남 진주시 뿌리산단로 2,35.1161605,128.1012958
경상남도,중앙119안전센터,경남 진주시 북장대로64번길 14,35.1959327,128.0745597
경상남도,천전119안전센터,경남 진주시 강남로167번길 16,35.1828637,128.0940719
경상남도,평거119안전센터,경남 진주시 순환로 565,35.1739956,128.0588436
경상남도,남지119안전센터,경남 창녕군 남지읍 동포로 64,35.3949149,128.4810108
경상남도,부곡119안전센터,경남 창녕군 부곡면 원앙로 184,35.4377561,128.5887296
경상남도,영산119안전센터,경남 창녕군 영산면 영산장마로 697,35.4593208,128.5204795
경상남도,창녕119안전센터,경남 창녕군 대지면 우포2로 1097,35.5506692,128.4791133
경상남도,도남119안전센터,통영시 도남로 257,34.8284027,128.4323844
경상남도,무전119안전센터,통영시 원문로 71,34.8591718,128.4207878
경상남도,서호119안전센터,통영시 중앙로 91-8,34.8423515,128.4192282
경상남도,죽림119안전센터,경남 통영시 광도면 죽림4로 49,34.8837053,128.4191832
경상남도,금성119안전센터,하동군 금성면 금성로 15,34.9780208,127.7956325
경상남도,진교119안전센터,하동군 진교면 진양로 27,35.0253061,127.9013488
경상남도,하동119안전센터,하동군 적량면 공설운동장로 169,35.0621672,127.7743366
경상남도,화개119안전센터,하동군 화개면 쌍계로 58,35.1914524,127.6267357
경상남도,가야119안전센터,경남 함안군 가야읍 선왕길 59,35.2858704,128.4000632
경상남도,군북119안전센터,경남 함안군 군북면 함마대로 760,35.2647158,128.3431929
경상남도,칠원119안전센터,경남 함안군 칠원읍 용산2길 121,35.3118268,128.5139411
경상남도,안의119안전센터,경남 함양군 금성길 19,35.6291759,127.810359
경상남도,함양119안전센터,경남 함양군 고운로 161-41,35.5237047,127.7424295
경상남도,북부119안전센터,경남 합천군 야로면 월광 2길 5,35.734279,128.1566211
경상남도,삼가119안전센터,경남 합천군 삼가면 삼가로 287,35.4084221,128.1200574
경상남도,초계119안전센터,경남 합천군 초계면 양동로 6-16,35.5568209,128.2615783
경상남도,합천119안전센터,경남 합천군 합천읍 인덕로 2453,35.5731111,128.1483769
제주특별자치도,이도119안전센터,제주 제주시 중앙로 342(이도2동),33.4909672,126.5366596
제주특별자치도,삼도119안전센터,제주 제주시 탑동로 101(삼도2동),33.5158847,126.5171112
제주특별자치도,오라119안전센터,제주 제주시 서광로2길 24(오라1동),33.4977808,126.5143885
제주특별자치도,노형119안전센터,제주 제주시 광평동로 2(노형동),33.4811048,126.4721874
제주특별자치도,화북119안전센터,제주 제주시 동화로1길 3(화북1동),33.5194632,126.5734975
제주특별자치도,항만119안전센터,제주 제주시 임항로 146(건입동),33.5201615,126.5393157
제주특별자치도,외도119안전센터,제주 제주시 통물길 75(외도1동),33.4865679,126.4374923
제주특별자치도,아라119안전센터,제주 제주시 사송길 116(영평동),33.4679111,126.5657625
제주특별자치도,연동119안전센터,제주 제주시 문송길 14(연동),33.4884908,126.4971339
제주특별자치도,동홍119안전센터,제주 서귀포시 서홍로 14,33.2491794,126.5533833
제주특별자치도,중문119안전센터,제주 서귀포시 일주서로 669,33.2541709,126.4380191
제주특별자치도,효돈119안전센터,제주 서귀포시 일주동로 8234,33.2608383,126.6077546
제주특별자치도,대신119안전센터,제주 서귀포시 서호남로 20,33.2496809,126.513821
제주특별자치도,한림119안전센터,제주 제주시 한림읍 한림중앙로 150,33.4025856,126.2700909
제주특별자치도,애월119안전센터,제주 제주시 애월읍 일주서로 6513,33.4666225,126.3488072
제주특별자치도,한경119안전센터,제주 제주시 한경면 일주서로 4218,33.3426362,126.1829399
제주특별자치도,대정119안전센터,제주 제주시 대정읍 일주서로 2717,33.232459,126.2409646
제주특별자치도,안덕119안전센터,제주 서귀포시 안덕면 화순서서로 2,33.2511226,126.3309669
제주특별자치도,영어교육도시119안전센터,제주 서귀포시 대정읍 에듀시티로 238,33.288951,126.2796599
제주특별자치도,구좌119안전센터,제주 제주시 구좌읍 세화14길 8,33.5201949,126.8600975
제주특별자치도,남원119안전센터,제주 서귀포시 남원읍 남원체육관로221번길 23,33.281554,126.7084719
제주특별자치도,성산119안전센터,제주 서귀포시 성산읍 일주동로 4120번길 7,33.4601969,126.9098657
제주특별자치도,조천119안전센터,제주 제주시 조천읍 신북로 337,33.5411102,126.6466393
제주특별자치도,표선119안전센터,제주 서귀포시 표선면 표선관정로 39-16,33.3271956,126.8276939
창원시,구산119안전센터,경상남도 창원시 마산합포구 구산면 해양관광로 1401,35.0915843,128.5828328
창원시,구암119안전센터,경상남도 창원시 마산회원구 팔용로 260,35.2482586,128.5992517
창원시,남성119안전센터,경상남도 창원시 마산합포구 남성로 114,35.2048474,128.5751572
창원시,내서119안전센터,경상남도 창원시 마산회원구 내서읍 중리공단로 104,35.2402318,128.5096796
창원시,석전119안전센터,경상남도 창원시 마산회원구 양덕옛1길 62,35.227337,128.5755719
창원시,양봉119안전센터,경상남도 창원시 마산회원구 자유무역1길 22,35.2122439,128.5896516
창원시,중앙119안전센터,경상남도 창원시 마산합포구 제2부두로 55,35.1981955,128.574855
창원시,진동119안전센터,경상남도 창원시 마산합포구 진동면 해양관광로 52,35.1109556,128.4891712
창원시,진전119안전센터,경상남도 창원시 마산합포구 진전면 삼진의거대로 55-89,35.1042855,128.4265503
창원시,호계119안전센터,경상남도 창원시 마산회원구 내서읍 호계본동3길 59-10,35.2676731,128.520749
창원시,가음정119안전센터,경상남도 창원시 성산구 대정로 39,35.2078471,128.6985742
창원시,대원119안전센터,경상남도 창원시 성산구 두대로 55번길 11,35.2328271,128.6507893
창원시,신월119안전센터,경상남도 창원시 의창구 상남로 165,35.2275157,128.6857401
창원시,외동119안전센터,경상남도 창원시 성산구 창원대로 786,35.20665109999999,128.6916347
창원시,웅남119안전센터,경상남도 창원시 성산구 봉양로 406,35.2077527,128.6270204
창원시,대산119안전센터,경상남도 창원시 의창구 봉강가술로 583,35.3335294,128.7058665
창원시,동읍119안전센터,경상남도 창원시 의창구 동읍 동읍로71번길 14-14,35.2810513,128.6826752
창원시,봉곡119안전센터,경상남도 창원시 의창구 지귀로 127,35.2457515,128.6537407
창원시,북면119안전센터,경상남도 창원시 의창구 북면 감계로110번길 54-36,35.3011334,128.5953542
창원시,중동119안전센터,경상남도 창원시 의창구  중동중앙로 119,35.25847359999999,128.6270745
창원시,팔룡119안전센터,경상남도 창원시 의창구 창원대로 204번길 15,35.2429489,128.6228601
창원시,대흥119안전센터,경상남도 진해구 백구로 72,35.1510029,128.6585119
창원시,용원119안전센터,경상남도 창원시 진해구 용원로 43,35.0999248,128.8141095
창원시,웅동119안전센터,경상남도 진해구 남의로 11,35.1157628,128.7830656
창원시,이동119안전센터,경상남도 진해구 충장로 434,35.1499305,128.6974483
창원시,풍호119안전센터,경상남도 창원시 진해구 진해대로 1101,35.1284577,128.7398399
